filename	Id	Year	Who	Author	AuthorName	AuthorFirstname	Sexe	Title	notBefore	notAfter	Apres	Avant
baudez.xml	200001	2000	baudez	Baudez Basile	Baudez	Basile	1	Du moujik à l’artiste. L’Académie_impériale_des_Beaux-arts de Saint-Pétersbourg (1757-1802)	1757	1802	1700	1900
beranger.xml	200002	2000	beranger	Béranger Véronique	Béranger	Véronique	2	Japonisme et érudition. Le livre japonais dans les collections d’Auguste_Lesouëf (1829-1906)	1829	1906	1800	2000
biu.xml	200003	2000	biu	Biu Hélène	Biu	Hélène	2	La traduction occitane de l’<i>Arbre_des_batailles</i> d’Honoré_Bovet. Édition et commentaire (BNF fr. 1277)	1345	1410	1300	1500
blenner.xml	200004	2000	blenner	Blenner Séverine	Blenner	Séverine	2	L’évêque en son palais. Recherches sur les palais épiscopaux en France à l’époque concordataire (1802-1905)	1802	1905	1800	2000
bonnelie.xml	200005	2000	bonnelie	Bonnélie Claire	Bonnélie	Claire	2	Contribution à l’étude de l’Église orthodoxe en Crète vénitienne (XIII<sup>e</sup>-XIV<sup>e</sup> siècles)	1200	1399	1200	1400
bouquin.xml	200006	2000	bouquin	Bouquin Hélène	Bouquin	Hélène	2	Les aventures d’un roman médiéval. Édition et adaptation de l’<i>Histoire_de_Mélusine</i> de Jean d’Arras (XV<sup>e</sup>-XIX<sup>e</sup> siècle)	1400	1899	1400	1900
burget.xml	200007	2000	burget	Burget Rémy	Burget	Rémy	1	Rhétorique et liturgie en Gaule mérovingienne. L’exemple des rituels et des oraisons de l’offertoire de la messe	500	799	500	800
canteaut.xml	200008	2000	canteaut	Canteaut Olivier	Canteaut	Olivier	1	Philippe_V et son Conseil : le gouvernement royal de 1316 à 1322	1316	1322	1300	1400
chamonard.xml	200009	2000	chamonard	Chamonard Marie	Chamonard	Marie	2	Michel_Butor et ses artistes : livres manuscrits (1968-1998)	1968	1998	1900	2000
chevrantbreton.xml	200010	2000	chevrantbreton	Chevrant-Breton Philippe	Chevrant-Breton	Philippe	1	L’abolition des capitulations et la suppression des tribunaux mixtes en Égypte (1919-1949)	1919	1949	1900	2000
clatin.xml	200011	2000	clatin	Clatin Marianne	Clatin	Marianne	2	Frantz_Jourdain (1847-1935), architecte, critique d’art et homme de lettres	1847	1935	1800	2000
cojannot.xml	200012	2000	cojannot	Cojannot Alexandre	Cojannot	Alexandre	1	Louis_Le_Vau. Les débuts d’un architecte parisien (1612-1654)	1612	1654	1600	1700
crevoisierdevomecourt.xml	200013	2000	crevoisierdevomecourt	Crevoisier De Vomécourt, De Sophie	Crevoisier De Vomécourt, De	Sophie	2	Les Carmes_déchaussés de Paris et de Charenton aux <abbr>xvii<sup>e</sup></abbr> et <abbr>xviii<sup>e</sup></abbr> siècles	1600	1799	1600	1800
desmet.xml	200016	2000	desmet	Desmet Frédérique	Desmet	Frédérique	2	Le roman en prose <i>Guy_de_Warewyk</i> (XV<sup>e</sup> siècle). Édition et commentaire	1400	1499	1400	1500
dinard.xml	200017	2000	dinard	Dinard Simon-Pierre	Dinard	Simon-Pierre	1	Le cardinal_de_Granvelle et la Franche-Comté. La correspondance comme instrument de gouvernement	1517	1586	1500	1600
faivredarcier.xml	200018	2000	faivredarcier	Faivre D’arcier Louis	Faivre D’arcier	Louis	1	La circulation des manuscrits du <i>De_Excidio_Trojae</i> de Darès_le_Phrygien (VIII<sup>e</sup>-XV<sup>e</sup> siècle)	700	1499	700	1500
fontanel.xml	200019	2000	fontanel	Fontanel Julie	Fontanel	Julie	2	Le chartrier de la cathédrale de Coutances (XI<sup>e</sup>-XIV<sup>e</sup> siècle)	1000	1399	1000	1400
gabet.xml	200020	2000	gabet	Gabet Olivier	Gabet	Olivier	1	La maison Fourdinois. Néo-styles et néo-Renaissance dans le goût des arts décoratifs dans la seconde moitié du <abbr>xix<sup>e</sup></abbr> siècle	1850	1899	1800	1900
gadrat.xml	200021	2000	gadrat	Gadrat Christine	Gadrat	Christine	2	Les <i>Mirabilia_descripta</i> de Jordan_Catala_de_Sévérac. Une image de l’Orient au <abbr>xiv<sup>e</sup></abbr> siècle	1300	1399	1300	1400
jeay.xml	200022	2000	jeay	Jeay Claude	Jeay	Claude		Du sceau à la signature. Histoire des signes de validation en France (XIII<sup>e</sup>-XVI<sup>e</sup> siècle)	1200	1599	1200	1600
josse.xml	200023	2000	josse	Josse Anne-Claire	Josse	Anne-Claire	2	Édition critique des lettres d’Antoine_Singlin (1607-1664), Supérieur de Port-Royal	1607	1664	1600	1700
ladant.xml	200024	2000	ladant	Ladant Julie	Ladant	Julie	2	Le fermier général Claude_Dupin (1686-1769)	1686	1769	1600	1800
lauby.xml	200025	2000	lauby	Lauby Aurélie	Lauby	Aurélie	2	Un manuscrit arthurien et son commanditaire : le <i>Guiron_le_Courtois</i> de Bernarbo_Visconti (BNF, ms n.a.f. 5243)	1354	1385	1300	1400
legendre.xml	200026	2000	legendre	Legendre Olivier	Legendre	Olivier	1	Le <i>Liber_Visionum_et_Miraculorum</i>. Édition du manuscrit 946 de la bibliothèque_municipale de Troyes	1150	1199	1100	1200
lepolard.xml	200027	2000	lepolard	Lépolard Hugues	Lépolard	Hugues	1	Le chartrier du chapitre cathédral de Soissons. Étude et édition	1089	1243	1000	1300
lhoumeau.xml	200028	2000	lhoumeau	Lhoumeau Hélène	Lhoumeau	Hélène	2	Les expéditions françaises en Floride (1562-1568)	1562	1568	1500	1600
menage.xml	200029	2000	menage	Ménage Christian	Ménage	Christian	1	Le <i>De_processione_Spiritus_sancti</i> de Théodulfe d’Orléans. Édition, étude des sources et commentaire	800	809	800	900
pairault.xml	200030	2000	pairault	Pairault Louis-Gilles	Pairault	Louis-Gilles	1	Poésie française et métrique latine chez Michel_de_Boteauville. Édition critique bilingue latin-français du poème « Les_Misères_de_la_guerre » (<i>Carmen_de_miseriis_guerre</i>)	1435	1499	1400	1500
pam.xml	200031	2000	pam	Pam Adama Aly	Pam	Adama Aly		Fièvre jaune et ordre colonial au Sénégal (1850-1960)	1850	1960	1800	2000
thery.xml	200032	2000	thery	Théry Julien	Théry	Julien	1	La parole aux Albigeois. Le procès de Bernard_de_Castanet, évêque d’Albi (1307-1308)	1307	1308	1300	1400
versavel.xml	200033	2000	versavel	Versavel Dominique	Versavel	Dominique		Les voyages présidentiels dans la France de l’Entre-deux-guerres. Rôle et images des chefs d’État de 1918 à 1940	1918	1940	1900	2000
veyssiere.xml	200034	2000	veyssiere	Veyssière Marion	Veyssière	Marion	2	Les voyages français à la Chine. Vaisseaux et équipages (1720-1793)	1720	1793	1700	1800
vissiere.xml	200035	2000	vissiere	Vissière Laurent	Vissière	Laurent	1	Louis_II_de_La_Trémoille ou la découverte de l’Italie. Édition de correspondance (1480-1525)	1480	1525	1400	1600
bermes.xml	200101	2001	bermes	Bermès Emmanuelle	Bermès	Emmanuelle	2	Le Couvent_des_Mathurins de Paris et l’estampe au <abbr>xvii<sup>e</sup></abbr> siècle	1600	1699	1600	1700
coste.xml	200102	2001	coste	Coste Hélène	Coste	Hélène	2	Henri_Ghéon et le théâtre	1875	1944	1800	2000
declety.xml	200103	2001	declety	Declety Lorraine	Declety	Lorraine	2	L’architecture d’inspiration islamique à Paris au <abbr>xix<sup>e</sup></abbr> siècle : une définition de l’orientalisme architectural	1800	1899	1800	1900
delrue.xml	200104	2001	delrue	Delrue Laure	Delrue	Laure	2	Les chantiers du pouvoir urbain: beffrois et hôtels de ville à la fin du Moyen_Âge en Flandre française	1000	1499	1000	1500
denoel.xml	200105	2001	denoel	Denoël Charlotte	Denoël	Charlotte	2	Culte et iconographie de saint_André en France (V<sup>e</sup>-XV<sup>e</sup> siècle)	400	1499	400	1500
fanget.xml	200106	2001	fanget	Fanget Delphine	Fanget	Delphine	2	L’exploitation des terroirs dans la terre de la Châtre au <abbr>xvi<sup>e</sup></abbr> siècle	1500	1599	1500	1600
fournier.xml	200107	2001	fournier	Fournier Thierry	Fournier	Thierry	1	Paul-Emile_Victor (1907-1995) : biographie d’un explorateur polaire	1907	1995	1900	2000
gautier.xml	200108	2001	gautier	Gautier France	Gautier	France	2	Un commentaire de la <i>Dissuasio_valerii</i> de Gautier_Map : le <i>Hec_epistola</i>  de John_Ridewall, étude et édition critique	1100	1399	1100	1400
guerber.xml	200109	2001	guerber	Guerber Estelle	Guerber	Estelle	2	Le quartier de l’hôtel Saint-Paul à Paris (1360-1550) : étude topographique, économique et sociale	1360	1550	1300	1600
huetzdelemps.xml	200110	2001	huetzdelemps	Huetz De Lemps Paul	Huetz De Lemps	Paul	1	Les Français acteurs et spectateurs de l’histoire de Hawaii (1837-1898)	1837	1898	1800	1900
jestaz.xml	200111	2001	jestaz	Jestaz Laure	Jestaz	Laure	2	Édition critique de lettres de Guy_Patin (Bibl. nat. de France, Baluze 148)	1601	1672	1600	1700
leroy.xml	200112	2001	leroy	Leroy Rodolphe	Leroy	Rodolphe	1	Le comité des travaux historiques et scientifiques (1834-1914), entre animation et contrôle du mouvement scientifique en France	1834	1914	1800	2000
levybruhl.xml	200113	2001	levybruhl	Lévy-Bruhl Hélène	Lévy-Bruhl	Hélène	2	Tristan_Tzara et le livre : ses éditeurs et ses illustrateurs	1896	1963	1800	2000
menapace.xml	200114	2001	menapace	Ménapace Luc	Ménapace	Luc	1	Géographie historique du domaine francoprovençal	800	2001	800	2100
moreau.xml	200115	2001	moreau	Moreau Nathalie	Moreau	Nathalie	2	Le manuscrit Bibl. nat. de France, fr. 688 et son traducteur: Édition de la <i>Chronique_universelle</i> et de l’<i>Histoire_romaine</i>	1300	1350	1300	1400
poulain.xml	200116	2001	poulain	Poulain Caroline	Poulain	Caroline	2	La permanence des beaux-arts dans la fracture de Vichy : l’action de Louis_Hautecoeur au secrétariat général des beaux-arts (1940-1944)	1940	1944	1900	2000
ratel.xml	200117	2001	ratel	Ratel Guillaume	Ratel	Guillaume	1	« Que le droit du roi soit gardé ». Les plaidoiries des gens du roi aux parlements de Paris et de Poitiers (1418-1436)	1418	1436	1400	1500
rebmeister.xml	200118	2001	rebmeister	Rebmeister Karine	Rebmeister	Karine	2	La bibliothèque médiévale du collège_des_Cholets	1295	1820	1200	1900
riamond.xml	200119	2001	riamond	Riamond Pierre-Jean	Riamond	Pierre-Jean	1	Le <i>Tractatus_de_spirituali_aedificio</i>, édition critique princeps	1116	1161	1100	1200
robbe.xml	200120	2001	robbe	Robbe Emilie	Robbe	Emilie	2	Correspondance de Jean-Victor_Schnetz, directeur de l’Académie_de_France_à_Rome, de 1841 à 1846 et de 1853 à 1866: édition commentée	1853	1866	1800	1900
roche.xml	200121	2001	roche	Roche Julien	Roche	Julien	1	L’église cathare du Carcassès (1167-début du <abbr>xiv<sup>e</sup></abbr> siècle)	1167	1399	1100	1400
sablonducorail.xml	200122	2001	sablonducorail	Sablon Du Corail Amable	Sablon Du Corail	Amable		Aspects militaires de la guerre_pour_la_succession_de_la_Bourgogne, de Nancy au traité d’Arras (5 janvier 1477-23 décembre 1482)	1477	1482	1400	1500
vasseur.xml	200123	2001	vasseur	Vasseur Edouard	Vasseur	Edouard	1	L’exposition universelle de 1867 : apothéose du second empire et de la génération de 1830	1830	1867	1800	1900
zang.xml	200124	2001	zang	Zang Marie-Astrid	Zang	Marie-Astrid	2	Concierges et capitaines du château de Vincennes (1258-1418)	1258	1418	1200	1500
bergeron.xml	200201	2002	bergeron	Bergeron-Foote Ariane	Bergeron-Foote	Ariane	2	Les œuvres en prose de Catherine d’Amboise (1482-1550) : œuvres	1482	1550	1400	1600
chandelier.xml	200202	2002	chandelier	Chandelier Joël	Chandelier	Joël	1	Gentile da Foligno, médecin et universitaire du <abbr>xiv<sup>e</sup></abbr> siècle : étude et édition critique du commentaire du <i>Canon</i> d’Avicenne (3, 11, 1)	1300	1399	1300	1400
christophe.xml	200203	2002	christophe	Christophe Delphine	Christophe	Delphine	2	Notre-Dame de Senlis, une cathédrale au cœur de la cité	1000	1790	1000	1800
clot.xml	200204	2002	clot	Clot Nathalie	Clot	Nathalie	2	Éditer la littérature médiévale en France dans la première du <abbr>xix<sup>e</sup></abbr> siècle : éditeurs et éditions en_« empirie »	1800	1850	1800	1900
fabris.xml	200205	2002	fabris	Fabris Cécile	Fabris	Cécile	2	La Maison_des_écoliers de Laon : étude d’un collège parisien aux <abbr>xiv<sup>e</sup></abbr> et <abbr>xv<sup>e</sup></abbr> siècles	1300	1499	1300	1500
gautier.xml	200206	2002	gautier	Gautier Marc-Édouard	Gautier	Marc-Édouard	1	Les ducs de Bourbons face à la mort : les élections de sépulture (fin <abbr>xiii<sup>e</sup></abbr>-début <abbr>xvi<sup>e</sup></abbr> siècle)	1250	1350	1200	1400
giraud.xml	200207	2002	giraud	Giraud Cédric	Giraud	Cédric	1	Le <i>De_vanitate_mundi</i> de Hugues_de_Saint-Victor (†1141) : édition critique et commentaire	1100	1141	1100	1200
gordien.xml	200208	2002	gordien	Gordien Marie-Estelle	Gordien	Marie-Estelle	2	Louis d’Orléans (1703-1752), premier prince du sang et mystique érudit	1703	1752	1700	1800
guillemain.xml	200209	2002	guillemain	Guillemain Jean	Guillemain	Jean	1	Recherches sur l’antiquaire lyonnais Guillaume_du_Choul (v. 1496-1560)	1496	1560	1400	1600
guilleray.xml	200210	2002	guilleray	Guilleray Pierre-Emmanuel	Guilleray	Pierre-Emmanuel	1	La fête des fous dans le nord de la France (XIV<sup>e</sup>-XVI<sup>e</sup> siècle)	1300	1599	1300	1600
horovitz.xml	200211	2002	horovitz	Horovitz Pauline	Horovitz	Pauline	2	La traduction castillane du <i>De_montibus</i> de Boccace : édition et commentaire (Bibl. nat. de Fr. esp. 458)	1313	1532	1300	1600
laurent.xml	200212	2002	laurent	Laurent Xavier	Laurent	Xavier	1	La politique du patrimoine monumental d’André_Malraux à Michel_Guy (1958-1974)	1958	1974	1900	2000
lebourgeois.xml	200213	2002	lebourgeois	Lebourgeois Anne-Élyse	Lebourgeois	Anne-Élyse	2	Le <i>Promptuarium_exemplorum</i> de Martin_le_Polonais O.P. (†1278) : édition critique et commentaire	1278	1278	1200	1300
lenegre.xml	200214	2002	lenegre	Lenègre Florent	Lenègre	Florent	1	Les relations diplomatiques entre la Norvège et les Îles britanniques (1249-1319) : les ambassadeurs et le service diplomatique du roi	1249	1319	1200	1400
lohr.xml	200215	2002	lohr	Lohr Évelyne	Lohr	Évelyne	2	L’usine et la ville : le cas de l’Ouest parisien (Chaillot, Bas-Passy, Ternes, Batignolles)	1800	2002	1800	2100
lutz.xml	200216	2002	lutz	Lutz Jean-François	Lutz	Jean-François	1	L’administration municipale de Sélestat au <abbr>xviii<sup>e</sup></abbr> siècle	1700	1799	1700	1800
lyoncaen.xml	200217	2002	lyoncaen	Lyon-Caen Nicolas	Lyon-Caen	Nicolas	1	La boîte à Perrette : approches des finances du mouvement janséniste au <abbr>xviii<sup>e</sup></abbr> siècle	1700	1799	1700	1800
manneheut.xml	200218	2002	manneheut	Manneheut Agnès	Manneheut	Agnès	2	L’élevage des chevaux de travail dans l’Orne, de 1815 à 1900	1815	1899	1800	1900
mary.xml	200219	2002	mary	Mary Anne	Mary	Anne	2	Gabriel_Marcel et le théâtre	1889	1973	1800	2000
moirez.xml	200220	2002	moirez	Moirez Pauline	Moirez	Pauline	2	Les offices de bouche à l’Hôtel du roi de France, de Philippe_VI à Charles_VI (1328-1422)	1328	1422	1300	1500
morand.xml	200221	2002	morand	Morand Olivier	Morand	Olivier	1	Les derniers feux des Concerts spirituels parisiens (1816-1831)	1816	1831	1800	1900
morard.xml	200222	2002	morard	Morard Martin	Morard	Martin	1	Le <i>Commentaire_des_Psaumes</i> de saint_Thomas_d_Aquin	1272	1273	1200	1300
muth.xml	200223	2002	muth	Muth Olivier	Muth	Olivier	1	La correspondance générale de Louise_de_Vilmorin jusqu’en 1949 : édition critique	1902	1949	1900	2000
nawrocki.xml	200224	2002	nawrocki	Nawrocki François	Nawrocki	François	1	L’amiral Claude_d_Annebault (vers 1495-1552) : faveur du roi et gouvernement du royaume au milieu du <abbr>xvi<sup>e</sup></abbr> siècle	1495	1552	1400	1600
penicaut.xml	200225	2002	penicaut	Penicaut Emmanuel	Penicaut	Emmanuel	1	Michel_Chamillart, ministre et secrétaire_d_État_de_la_guerre de Louis_XIV (1654-1721)	1654	1721	1600	1800
peoch.xml	200226	2002	peoch	Peoc’h Géraldine	Peoc’h	Géraldine	2	Les chasses impériales de Napoléon_III	1852	1870	1800	1900
ract.xml	200227	2002	ract	Ract Patrice	Ract	Patrice	1	Les ingénieurs géographes des camps et armées du roi, de la guerre_de_Sept_Ans à la Révolution (1756-1791) : étude institutionnelle, prosopographique et sociale	1756	1791	1700	1800
sanjuan.xml	200228	2002	sanjuan	Sanjuan Agathe	Sanjuan	Agathe	2	Les éditions René_Kieffer (1909-1950)	1909	1950	1900	2000
stutzmann.xml	200229	2002	stutzmann	Stutzmann Dominique	Stutzmann	Dominique		La bibliothèque de l’abbaye cistercienne de Fontenay (Côte d’Or) : constitution, gestion, dissolution (XII<sup>e</sup>-XVIII<sup>e</sup> siècle)	1100	1799	1100	1800
suire.xml	200230	2002	suire	Suire Yannis	Suire	Yannis	1	L’homme et l’environnement dans le Marais poitevin (seconde moitié du <abbr>xvi<sup>e</sup></abbr> siècle – début du <abbr>xx<sup>e</sup></abbr> siècle)	1550	1950	1500	2000
verdure.xml	200231	2002	verdure	Verdure Marc	Verdure	Marc	1	Recherches sur les actes du monastère_Saint-Jean_Prodrome sur le mont Menoikion (Serrès, <abbr>xiii<sup>e</sup></abbr>-XV<sup>e</sup> siècle)	1200	1499	1200	1500
villeminoz.xml	200232	2002	villeminoz	Villeminoz Jérôme	Villeminoz	Jérôme	1	Raimond_VII_de_Toulouse et la paix de Paris (1229-1249)	1229	1249	1200	1300
berbain.xml	200301	2003	berbain	Berbain Iris	Berbain	Iris	2	Emile_Bertin (1878-1957), décorateur de théâtre : Le peintre aux vingt âmes diverses	1878	1957	1800	2000
blin.xml	200302	2003	blin	Blin Frédéric	Blin	Frédéric	1	Georges_Lanfry et son entreprise (1921-1969) : au service du patrimoine	1921	1969	1900	2000
brau.xml	200303	2003	brau	Brau Pierre-Frédéric	Brau	Pierre-Frédéric	1	“Fuor’ della Città et Stato di Fiorenza”. Migrations et réseaux florentins à la fin du <abbr>xvi<sup>e</sup></abbr> siècle, d’après les <i>Testamenti_forestieri</i>	1550	1599	1500	1600
brousseau.xml	200304	2003	brousseau	Brousseau Nicholas	Brousseau	Nicholas	1	Étude comparée des diplômes de Louis_le_Germanique et de Charles_le_Chauve (829-877)	829	877	800	900
challeat.xml	200305	2003	challeat	Challéat Violaine	Challéat	Violaine	2	Témoigner du présent : le journal de Hyacinthe_Chobaut (1939-1946). Édition critique et commentaire	1939	1946	1900	2000
charenton.xml	200306	2003	charenton	Charenton Benoît	Charenton	Benoît	1	Un philanthrope sous la Troisième_République : la vie et l’œuvre de Léopold_Bellan (1857-1936)	1857	1936	1800	2000
delamarre.xml	200307	2003	delamarre	Delamarre Aurélie	Delamarre	Aurélie	2	Copier au <abbr>xv<sup>e</sup></abbr> siècle du français déjà ancien : l’exemple de l’<i>Estoire_del_Saint_Graal</i>. Commentaire linguistique et édition partielle du ms. B.R. Brux. 9246	1400	1499	1400	1500
delcourt.xml	200308	2003	delcourt	Delcourt Véronique	Delcourt	Véronique	2	Livre et mission : l’apostolat par le livre dans l’Extrême-Orient des Missions étrangères au <abbr>xix<sup>e</sup></abbr> siècle, d’après la correspondance	1800	1899	1800	1900
denton.xml	200309	2003	denton	Denton Elizabeth	Denton	Elizabeth	2	Sir James_Hall, un homme de science dans la Révolution. Édition critique et commentaire de son journal de voyage en France (avril-août 1791)	1791	1791	1700	1800
dohrmann.xml	200310	2003	dohrmann	Dohrmann Nicolas	Dohrmann	Nicolas	1	Les relations entre la SFIO et le SPD dans l’immédiate après-guerre (1945-1953)	1945	1953	1900	2000
fonck.xml	200311	2003	fonck	Fonck Bertrand	Fonck	Bertrand	1	François-Henri_de_Montmorency, maréchal de Luxembourg (1628-1695) : commander les armées pour Louis_XIV	1628	1695	1600	1700
gandil.xml	200312	2003	gandil	Gandil Pierre	Gandil	Pierre	1	Les études grecques à l’abbaye de Saint-Denis au <abbr>xii<sup>e</sup></abbr> siècle	1100	1199	1100	1200
gerbault.xml	200313	2003	gerbault	Gerbault Matthieu	Gerbault	Matthieu	1	López_de_Gómara dans les controverses sur le Nouveau_Monde : les traductions françaises de la <i>Historia_general_de_las_indias_y_conquista_de_Mexico.</i> Édition critique et commentaire comparé.	1510	1553	1500	1600
gesret.xml	200314	2003	gesret	Gesret Julie	Gesret	Julie	2	“Soustenir les povres”. Un hôpital au Moyen_Âge : l’hôtel-Dieu_Saint-Nicolas_de_Troyes, du <abbr>xiii<sup>e</sup></abbr> au <abbr>xv<sup>e</sup></abbr> siècle	1200	1499	1200	1500
girard.xml	200315	2003	girard	Girard Caroline	Girard	Caroline	2	La manufacture_des_Gobelins du Premier_Empire à la Monarchie_de_Juillet	1804	1848	1800	1900
haquet.xml	200316	2003	haquet	Haquet Claire	Haquet	Claire	2	« Un estat des gens tres necessaire » : les « sages marchands et bourgeois de Rouen », de la Harelle à la conquête anglaise (1382-1418)	1382	1418	1300	1500
longeard.xml	200317	2003	longeard	Longeard Glwadys	Longeard	Glwadys	2	L’imprimerie nationale de 1870 à 1910	1870	1910	1800	2000
martin.xml	200318	2003	martin	Martin Claire	Martin	Claire	2	“Craindre Dieu et servir le roi”. Benjamin_Aubery_du_Maurier (1566-1636), ambassadeur protestant du Très Chrétien	1566	1636	1500	1700
nadiras.xml	200319	2003	nadiras	Nadiras Sébastien	Nadiras	Sébastien	1	Guillaume_de_Nogaret et la pratique du pouvoir	1295	1313	1200	1400
richter.xml	200320	2003	richter	Richter Raphaël	Richter	Raphaël	1	Martial et Adémar. Édition de 23 sermons du manuscrit autographe d’Adémar_de_Chabannes, BNF lat 2469 (fol. 1-76) (circa 1030)	1020	1040	1000	1100
sene.xml	200321	2003	sene	Sené Xavier	Sené	Xavier	1	La <i>Divine_tragédie</i>, projet de film d’Abel_Gance	1910	1975	1900	2000
studer.xml	200322	2003	studer	Studer Sébastien	Studer	Sébastien	1	L’engagement résistant d’Alexandre_Parodi (1940-1944)	1940	1944	1900	2000
todeschini.xml	200323	2003	todeschini	Todeschini Pascaline	Todeschini	Pascaline	2	L’acte occitan dans le comté de Toulouse aux <abbr>xii<sup>e</sup></abbr> et <abbr>xiii<sup>e</sup></abbr> siècles : le cas des seigneuries de Dourgne et Puylaurens, de Bessières et Buzet	1100	1299	1100	1300
villeminoz.xml	200324	2003	villeminoz	Villeminoz Jérôme	Villeminoz	Jérôme	1	Raymond_VII_de_Toulouse et la paix de Paris (1229-1249)	1229	1249	1200	1300
zirmi.xml	200325	2003	zirmi	Zirmi Thiphaine	Zirmi	Thiphaine	2	Alfred_Armand (1808-1888), un architecte collectionneur	1808	1888	1800	1900
barret.xml	200401	2004	barret	Barret Élydia	Barret	Élydia	2	Les “ vergers ” de la papauté d’Avignon : Avignon, Pont-de-Sorgues et Villeneuve (1316-1378)	1316	1378	1300	1400
becquet.xml	200402	2004	becquet	Becquet Hélène	Becquet	Hélène	2	Marie-Thérèse-Charlotte_de_France (1778-1851). Représentations, sensibilités et politique	1778	1851	1700	1900
berthe.xml	200403	2004	berthe	Berthe Pierre-Marie	Berthe	Pierre-Marie	1	Les procureurs à la cour pontificale d’Avignon au <abbr>xiv<sup>e</sup></abbr> siècle : les procureurs des prélats français sous Urbain_V et Grégoire_XI à la Chambre_apostolique	1300	1399	1300	1400
breban.xml	200404	2004	breban	Bréban Alix	Bréban	Alix	2	Germain_Louis_Chauvelin (1685-1762), ministre de Louis_XV	1685	1762	1600	1800
cavalie.xml	200405	2004	cavalie	Cavalié Étienne	Cavalié	Étienne	1	Les monnayages ecclésiastiques en France (X<sup>e</sup>-XV<sup>e</sup> siècle). Étude iconographique	900	1499	900	1500
cloquier.xml	200406	2004	cloquier	Cloquier Christophe	Cloquier	Christophe	1	Les pratiques halieutiques fluviales dans le bassin de la Somme du <abbr>xii<sup>e</sup></abbr> siècle au <abbr>xviii<sup>e</sup></abbr> siècle : approche archéologique et documentaire	1100	1799	1100	1800
conraux.xml	200407	2004	conraux	Conraux Aurélien	Conraux	Aurélien	1	L’École de cavalerie de Saumur (1814-1914). La création de l’équitation militaire	1814	1914	1800	2000
couriaut.xml	200408	2004	couriaut	Couriaut Marie-Neige	Couriaut	Marie-Neige	2	La Commission_nationale_de_la_communication_et_des_libertés (1986-1989). Audiovisuel et cohabitation	1986	1989	1900	2000
durozoy.xml	200409	2004	durozoy	Durozoy Anne-Sophie	Durozoy	Anne-Sophie	2	Étude de l’iconographie et de la théologie de Jonas en Occident (XII<sup>e</sup>-XV<sup>e</sup> siècle)	1100	1499	1100	1500
garcon.xml	200410	2004	garcon	Garcon Ségolène	Garcon	Ségolène	2	Le grand quartier général des forces terrestres françaises (28 août 1939-1er juillet 1940)	1939	1940	1900	2000
gerardot.xml	200411	2004	gerardot	Gérardot Anne	Gérardot	Anne	2	La construction navale maritime et fluviale dans l’estuaire de la Seine (seconde moitié du <abbr>xvi<sup>e</sup></abbr> siècle)	1550	1599	1500	1600
giron.xml	200412	2004	giron	Giron Caroline	Giron	Caroline	2	La vie musicale à l’ospedale_di_San_Lazzaro_e_dei_Mendicanti, à Venise (1600-1797)	1600	1797	1600	1800
gombert.xml	200413	2004	gombert	Gombert Pierre	Gombert	Pierre	1	Louis-Antoine_de_Noailles, cardinal-archevêque de Paris (1651-1729)	1651	1729	1600	1800
iline.xml	200414	2004	iline	Iline Anastasia	Iline	Anastasia	2	François_Le_Métel_de_Boisrobert (1592-1662), écrivain et homme de pouvoir	1592	1662	1500	1700
leblay.xml	200415	2004	leblay	Leblay Anne	Leblay	Anne	2	L’émigration espagnole à Paris (1813-1844)	1813	1844	1800	1900
lepape.xml	200416	2004	lepape	Lepape Séverine	Lepape	Séverine	2	Étude iconographique de l’Arbre_de_Jessé en France du Nord du <abbr>xiv<sup>e</sup></abbr> siècle au <abbr>xvii<sup>e</sup></abbr> siècle	1300	1699	1300	1700
meunier.xml	200417	2004	meunier	Meunier Clément	Meunier	Clément	1	Le désir de réforme. La liturgie entre tradition et magistère (ca. 1500- ca. 1620)	1500	1620	1500	1700
meunier2.xml	200418	2004	meunier2	Meunier Alexis	Meunier	Alexis	1	Les saluts du Saint-Sacrement. Liturgie et musique en France (1600-1774)	1600	1774	1600	1800
oppermann.xml	200419	2004	oppermann	Oppermann Fabien	Oppermann	Fabien	1	Images et usages du château de Versailles au <abbr>xx<sup>e</sup></abbr> siècle	1900	1999	1900	2000
ploton.xml	200420	2004	ploton	Ploton-Nicollet François	Ploton-Nicollet	François	1	Opera Fl. Merobavdis v. spect. Pro imperio et pro Deo	400	499	400	500
rondeau.xml	200421	2004	rondeau	Rondeau Nathalie	Rondeau	Nathalie	2	Le grand maréchal du Palais et son service : le rôle de Géraud-Christophe-Michel_Duroc (1804-1813)	1804	1813	1800	1900
rouzies.xml	200422	2004	rouzies	Rouziès Étienne	Rouziès	Étienne	1	Lectures médiévales de Salluste	800	1499	800	1500
schmauch.xml	200423	2004	schmauch	Schmauch Joseph	Schmauch	Joseph	1	Les services d’Alsace-Lorraine face à la réintégration des départements de l’Est (1914-1919)	1914	1919	1900	2000
schultz.xml	200424	2004	schultz	Schultz Véronique	Schultz	Véronique	2	Avoir vingt ans à Strasbourg au tournant du <abbr>xix<sup>e</sup></abbr> siècle. Le niveau de vie des milieux modestes et défavorisés : approche par les registres de conscription et présentation de l’École de travail	1780	1820	1700	1900
stoll.xml	200425	2004	stoll	Stoll Bérénice	Stoll	Bérénice	2	Léon_Pierre-Quint, correspondance 1914-1938 (fonds russe). Édition critique	1914	1938	1900	2000
teneze.xml	200426	2004	teneze	Ténèze Annabelle	Ténèze	Annabelle	2	Exposer l’art contemporain à Paris. L’exemple de l’ARC au Musée d’art moderne de la Ville de Paris (1967-1988)	1967	1988	1900	2000
archer.xml	200501	2005	archer	Archer John Perry	Archer	John Perry	1	L’acte souverain solennel, image des pouvoirs européens au <abbr>xii<sup>e</sup></abbr> siècle. Étude assistée par l’imagerie numérique	1100	1199	1100	1200
bettant.xml	200502	2005	bettant	Bettant Audry	Bettant	Audry		Les sermons d’Arnoul_de_Lisieux	1100	1181	1100	1200
bober.xml	200503	2005	bober	Bober Benjamin	Bober	Benjamin	1	Les officiers de justice au travail dans la sénéchaussée de Toulouse à la fin du Moyen_Âge d’après les registres de la sénéchaussée	1300	1499	1300	1500
centili.xml	200504	2005	centili	Centili Sara	Centili	Sara	2	La tradition manuscrite de l’<i>Image_du_monde</i>. Fortune et diffusion d’une encyclopédie du <abbr>xiii<sup>e</sup></abbr> siècle	1200	1299	1200	1300
chaufour.xml	200505	2005	chaufour	Chaufour Sébastien	Chaufour	Sébastien	1	Jean-Jacques_Huvé (1742-1808), architecte. Retour à Palladio	1742	1808	1700	1900
corriou.xml	200506	2005	corriou	Corriou Morgan	Corriou	Morgan		Les Français et la vie culturelle en Tunisie durant la Seconde_Guerre_mondiale	1939	1945	1900	2000
degez.xml	200507	2005	degez	Dégez Camille	Dégez	Camille	2	Un univers carcéral (XVI<sup>e</sup>-XVII<sup>e</sup> siècles) : la prison de la Conciergerie et sa société	1500	1699	1500	1700
feurtet.xml	200508	2005	feurtet	Feurtet Jean-Marie	Feurtet	Jean-Marie	1	Le Bureau_des_longitudes (1795-1854). De Lalande à Le_Verrier	1795	1854	1700	1900
flejou.xml	200509	2005	flejou	Fléjou Lucie	Fléjou	Lucie	2	L’entreprise Théodore_Haviland de 1892 à 1941. Destinées industrielles de la porcelaine à Limoges	1892	1941	1800	2000
gosselin.xml	200510	2005	gosselin	Gosselin Sébastien	Gosselin	Sébastien	1	L’abbaye de Lessay du <abbr>ix<sup>e</sup></abbr> au <abbr>xi<sup>e</sup></abbr> siècle. Histoire et architecture	800	1099	800	1100
grange.xml	200511	2005	grange	Grange Cécile	Grange	Cécile	2	L’élaboration des lois sous Henri_II. Éléments d’une étude du pouvoir royal au milieu du <abbr>xvi<sup>e</sup></abbr> siècle	1547	1559	1500	1600
hermant.xml	200512	2005	hermant	Hermant Maxence	Hermant	Maxence	1	Art, artistes et commanditaires. dans la région de Châlons (1470-1575)	1470	1575	1400	1600
hogancottin.xml	200513	2005	hogancottin	Hogan Cottin-Bizonne Shannon	Hogan Cottin-Bizonne	Shannon	2	Une nouvelle édition du <em>Bestiaire</em> de Philippe_de_Thaon	1110	1130	1100	1200
leroy.xml	200514	2005	leroy	Leroy Aubin	Leroy	Aubin	1	Le cartulaire du consulat de Limoges. Un livre juratoire en occitan limousin (XIII<sup>e</sup>-XVII<sup>e</sup> siècle)	1200	1699	1200	1700
mbaye.xml	200515	2005	mbaye	Mbaye Ousmane Ahmed	Mbaye	Ousmane Ahmed	1	Les associations patriotiques en AOF durant la Seconde_Guerre_mondiale (juin 1940-octobre 1945)	1940	1945	1900	2000
nikichine.xml	200516	2005	nikichine	Nikichine Marie	Nikichine	Marie	2	La justice et la paix à Douai à la fin du Moyen_Âge	1300	1499	1300	1500
oury.xml	200517	2005	oury	Oury Clément	Oury	Clément	1	Blenheim, Ramillies, Audenarde. Les défaites françaises de la guerre_de_Succession_d_Espagne (1704-1708)	1704	1708	1700	1800
pieyre.xml	200518	2005	pieyre	Pieyre Clément	Pieyre	Clément	1	La légation du cardinal Francesco_Barberini en France en 1625	1625	1625	1600	1700
raze.xml	200519	2005	raze	Raze Jean-Baptiste	Raze	Jean-Baptiste	1	“ Par devant moy, Martin_Destourbe, tabellion et clerc juré ” : édition et étude de deux registres de tabellionage de Puisaye (XIV<sup>e</sup>-XV<sup>e</sup> siècles)	1300	1499	1300	1500
regnaud.xml	200520	2005	regnaud	Regnaud Mathilde	Regnaud	Mathilde	2	Au cœur du Parti_communiste français. Les notes de bureau politique de Maurice_Thorez (1947-1964)	1947	1964	1900	2000
roche.xml	200521	2005	roche	Roche Thomas	Roche	Thomas	1	Justice, vengeance et compromis en Normandie (XI<sup>e</sup>-XII<sup>e</sup> siècles)	1000	1199	1000	1200
rochebouet.xml	200522	2005	rochebouet	Rochebouet Anne	Rochebouet	Anne	2	La cinquième mise en prose du <em>Roman_de_Troie</em> de Benoît_de_Sainte-Maure. Édition partielle et commentaire	1100	1173	1100	1200
romaneix.xml	200523	2005	romaneix	Romaneix Zénaïde	Romaneix	Zénaïde		Édition de sermons d’Adémar_de_Chabannes et du compte rendu du concile_de_Limoges (novembre 1031) (BnF lat. 2469, fol. 76-112v)	1029	1031	1000	1100
schmitt.xml	200524	2005	schmitt	Schmitt Marie-Paule	Schmitt	Marie-Paule	2	Les jeux radiophoniques en France (1944-1974). Étude comparative des radios publiques françaises et de deux stations privées, Radio-Luxembourg et Europe_N°1	1944	1974	1900	2000
serre.xml	200525	2005	serre	Serre Solveig	Serre	Solveig	1	L’Académie royale de musique (1749-1790)	1749	1790	1700	1800
serrepuy.xml	200526	2005	serrepuy	Serrepuy Virginie	Serrepuy	Virginie	2	Georges_Charpentier (1846-1905). Éditeur de romans, roman d’un éditeur	1846	1905	1800	2000
weber.xml	200527	2005	weber	Weber Anne	Weber	Anne	2	Missionnaires et chrétientés en Chine dans la deuxième moitié du <abbr>xviii<sup>e</sup></abbr> siècle. L’exemple de la mission du Sichuan (1746-1769)	1746	1769	1700	1800
bat.xml	200601	2006	bat	Bat Jean-Pierre	Bat	Jean-Pierre	1	Congo an I. Décolonisation et politique francaise au Congo-Brazzaville (1958-1963)	1958	1963	1900	2000
becdelievre.xml	200602	2006	becdelievre	Becdelièvre, De Cécile	Becdelièvre, De	Cécile	2	Le renseignement français auprès du Roi Catholique (1630-1635)	1630	1635	1600	1700
blennemann.xml	200603	2006	blennemann	Blennemann Gordon	Blennemann	Gordon	1	Le nécrologe du livre du chapitre de l’abbaye Saint-Pierre-aux-Nonnains_de_Metz (BNF lat. 10028). Commentaire et édition	900	1299	900	1300
boillot.xml	200604	2006	boillot	Boillot Cécile	Boillot	Cécile	2	Histoire d’un organe de diffusion de la culture allemande en France. La <i>Revue_germanique<i> (1905-1939)	1905	1939	1900	2000
bonicel.xml	200605	2006	bonicel	Bonicel Matthieu	Bonicel	Matthieu	1	Arts et gens du spectacle à Avignon à la fin du Moyen_Âge (1450-1550), d’après les archives communales d’Avignon	1450	1550	1400	1600
bouchard.xml	200606	2006	bouchard	Bouchard Aline	Bouchard	Aline	2	Naissance d’une administration départementale. Le Jura (1790-1791)	1790	1791	1700	1800
boulet.xml	200607	2006	boulet	Boulet Vincent	Boulet	Vincent	1	Un grand corps de l’État à l’épreuve du « schisme royal ». Le Parlement de Paris durant la période anglo-bourguignonne (1418-1436)	1418	1436	1400	1500
brun.xml	200608	2006	brun	Brun Jeanne	Brun	Jeanne	2	Georges_Ribemont-Dessaignes et la vie artistique (1884-1974)	1884	1974	1800	2000
chaigne.xml	200609	2006	chaigne	Chaigne Marion	Chaigne	Marion	2	« Pour le remède et salut de mon âme… ». Édition et commentaire de trente et un testaments de femmes enregistrés au Parlement de Paris (1394-1420)	1394	1420	1300	1500
cherif.xml	200610	2006	cherif	Cherif Aouatef	Cherif	Aouatef		La mécanographie et ses répercussions au sein de l’administration française. L’exemple du ministère des Finances (1930-1970)	1930	1970	1900	2000
chermette.xml	200611	2006	chermette	Chermette Myriam	Chermette	Myriam	2	Images de presse. Production et usages de la photographie dans un quotidien d’information : <i>Le_Journal<i> (1929-1935)	1929	1935	1900	2000
dalon.xml	200612	2006	dalon	Dalon Laure	Dalon	Laure	2	Émile-Antoine_Bourdelle et l’enseignement de la sculpture	1861	1929	1800	2000
dumalle.xml	200613	2006	dumalle	Dumalle Bérangère	Dumalle	Bérangère	2	Les châteaux de l’orbite des Polignac en Velay (XIII<sup>e</sup>-XVI<sup>e</sup> siècle)	1200	1599	1200	1600
durrande.xml	200614	2006	durrande	Durrande Marguerite	Durrande	Marguerite	2	Aspects du clientélisme monarchique sous François_I<sup>er</sup> (1515-1547)	1515	1547	1500	1600
formaglio.xml	200615	2006	formaglio	Formaglio Cécile	Formaglio	Cécile	2	Le féminisme de Cécile_Brunschvicg (1877-1946)	1877	1946	1800	2000
haegele.xml	200616	2006	haegele	Haegele Vincent	Haegele	Vincent	1	La correspondance de Joseph_Bonaparte avec son frère Napoléon (1784-1818). Édition critique intégrale	1784	1818	1700	1900
lambert.xml	200617	2006	lambert	Lambert Fanny	Lambert	Fanny	2	La représentation diplomatique française en Russie dans la seconde moitié du <abbr>xviii<sup>e</sup></abbr> siècle	1750	1799	1700	1800
macquart.xml	200618	2006	macquart	Macquart-Moulin Irène	Macquart-Moulin	Irène	2	Les portails roussillonnais en marbre des <abbr>xii<sup>e</sup></abbr> et <abbr>xiii<sup>e</sup></abbr> siècles. Une renaissance de l’Antiquité	1100	1299	1100	1300
montigny.xml	200619	2006	montigny	Montigny Séverine	Montigny	Séverine	2	Édition partielle de l’œuvre de Jean_du_Quesne, traducteur de César et chroniqueur à la cour de Charles_le_Téméraire	1473	1474	1400	1500
richard.xml	200620	2006	richard	Richard Damien	Richard	Damien	1	L’épreuve de la modernité. Histoire des Ateliers_et_Chantiers_de_France à Dunkerque (1945-1973)	1945	1973	1900	2000
rouchy.xml	200621	2006	rouchy	Rouchy Violette	Rouchy	Violette	2	<i>La_Reine_Margot</i> de Patrice_Chéreau. Genèse et réalisation d’un film historique	1994	1994	1900	2000
sage.xml	200622	2006	sage	Sage-Pranchère Nathalie	Sage-Pranchère	Nathalie	2	Mettre au monde. Sages-femmes et accouchées en Corrèze au <abbr>xix<sup>e</sup></abbr> siècle	1800	1899	1800	1900
schmauch.xml	200623	2006	schmauch	Schmauch-Bleny Roseline	Schmauch-Bleny	Roseline	2	Édition de seize sermons d’Étienne de Tournai	1100	1199	1100	1200
thomas.xml	200624	2006	thomas	Thomas Aurélie	Thomas	Aurélie	2	Les duchés de Bénévent et de Spolète, de la conquête lombarde au début de l’époque carolingienne	800	999	800	1000
zeyer.xml	200625	2006	zeyer	Zeyer Marie-Adélaïde	Zeyer	Marie-Adélaïde	2	Léon_Bourgeois, père spirituel de la Société_des_Nations. Solidarité internationale et service de la France (1899-1919)	1899	1919	1800	2000
angleys.xml	200701	2007	angleys	Angleys Clotilde	Angleys	Clotilde	2	Les mises en scène de Géo_Sandry pour le Cirque_d_Hiver (1933-1954). Le grand spectacle, histoire d’un goût	1933	1954	1900	2000
aubert.xml	200702	2007	aubert	Aubert Stéphanie	Aubert	Stéphanie	2	Les <i>Cronice_ab_origine_mundi</i> de Gonzalo_de_Hinojosa. Une chronique universelle écrite par un évêque castillan au début du <abbr>xi<sup>e</sup></abbr> siècle et traduite pour Charles_V	1000	1050	1000	1100
barbiche.xml	200703	2007	barbiche	Barbiche Jean-Marie	Barbiche	Jean-Marie	1	Les Augustins_déchaussés de Notre-Dame-des-Victoires (1629-1790)	1629	1790	1600	1800
bouard.xml	200704	2007	bouard	Boüard Thibaud	Boüard	Thibaud	1	Le <i>Trésor</i> de Brunetto_Latini. Éduquer les laïcs	1220	1294	1200	1300
bouat.xml	200705	2007	bouat	Bouat Vincent	Bouat	Vincent	1	Les ordres mendiants et les pouvoirs à Rodez (XIV<sup>e</sup>-XVI<sup>e</sup> siècle)	1300	1599	1300	1600
cavalie.xml	200706	2007	cavalie	Cavalié Hélène	Cavalié	Hélène	2	Pierre_Germain dit le Romain (1703-1783). Vie d’un orfèvre et de son entourage	1703	1783	1700	1800
chemel.xml	200707	2007	chemel	Chemel Claire	Chemel	Claire	2	La maison et les métiers du bâtiment à Paris (milieu du <abbr>xiv<sup>e</sup></abbr>-milieu du <abbr>xv<sup>e</sup></abbr> siècle)	1330	1470	1300	1500
christophe.xml	200708	2007	christophe	Christophe Anne	Christophe	Anne	2	La Grande_Guerre dans les images de presse en France (1919-1939)	1919	1939	1900	2000
dubois.xml	200709	2007	dubois	Dubois Alain	Dubois	Alain	1	L’éditeur réformé Jacob_Stoer (1542-1610). Recherches sur son officine typographique d’après la bibliographie de ses éditions	1542	1610	1500	1700
duchesne.xml	200710	2007	duchesne	Duchesne Magali	Duchesne	Magali	2	L’intervention française aux Açores en 1583	1583	1583	1500	1600
dufour.xml	200711	2007	dufour	Dufour Agathe	Dufour	Agathe	2	Henry_Marcel (1854-1926)	1854	1926	1800	2000
dupuy.xml	200712	2007	dupuy	Dupuy-Olivier Anaïs	Dupuy-Olivier	Anaïs	2	Jacques_Le_Marquet, scénographe aux multiples talents (1953-1990)	1953	1990	1900	2000
fauduet.xml	200713	2007	fauduet	Fauduet Louise	Fauduet	Louise	2	Napoléon_François_Libois, procureur de la société_des_Missions_Étrangères_de_Paris_à_Macao_et_Hong_Kong (1837-1866)	1837	1866	1800	1900
koskas.xml	200714	2007	koskas	Koskas Mathilde	Koskas	Mathilde	2	L’iconographie de saint_Antoine_de_Padoue. Sources et représentations (XIII<sup>e</sup>-XVI<sup>e</sup> siècle)	1200	1599	1200	1600
legoff.xml	200715	2007	legoff	Legoff Jean-Baptiste	Legoff	Jean-Baptiste	1	Les lettres de dénonciation à l’encontre des conventionnels pendant la Terreur et la Réaction thermidorienne	1793	1795	1700	1800
mathis.xml	200716	2007	mathis	Mathis Rémi	Mathis	Rémi	1	Simon_Arnauld_de_Pomponne, secrétaire d’État des Affaires étrangères de Louis_XIV (1618-1699)	1618	1699	1600	1700
moufflet.xml	200717	2007	moufflet	Moufflet Jean-François	Moufflet	Jean-François	1	Autour de l’Hôtel_de_saint_Louis (1226-1270). Le cadre, les hommes, les itinéraires d’un pouvoir	1226	1270	1200	1300
peyrard.xml	200718	2007	peyrard	Peyrard Sébastien	Peyrard	Sébastien	1	L’<i>Ilias</i> de Simon_Chèvre_d_Or. Édition critique et commentaire	1130	1180	1100	1200
pierangelo.xml	200719	2007	pierangelo	Pierangelo Marion	Pierangelo	Marion	2	Guizot et la Grèce. Questions d’influences	1787	1874	1700	1900
potin.xml	200720	2007	potin	Potin Yann	Potin	Yann	1	La mise en archives du Trésor des chartes (XIII<sup>e</sup>-XIX<sup>e</sup> siècle)	1200	1899	1200	1900
rioust.xml	200721	2007	rioust	Rioust Laure	Rioust	Laure	2	La Bible_de_Saint-André-au-Bois (Boulogne-sur-Mer, BM, ms. 2)	1120	1190	1100	1200
romet.xml	200722	2007	romet	Romet Clotilde	Romet	Clotilde	2	Le collectionneur François-Roger_de_Gaignières (1642-1715). Biographie et méthodes de collection. Catalogue de ses manuscrits	1642	1715	1600	1800
suchet.xml	200723	2007	suchet	Suchet Soline	Suchet	Soline	2	Camille_Gaston_Kahn (1864-1928). Un consul français en Chine	1864	1928	1800	2000
szollosi.xml	200724	2007	szollosi	Szollosi Vanessa	Szollosi	Vanessa	2	Les moniales de Saint-Antoine-des-Champs au <abbr>xiii<sup>e</sup></abbr> siècle	1200	1299	1200	1300
wenz.xml	200725	2007	wenz	Wenz Romain	Wenz	Romain	1	Le port d’armes en France et la législation royale du milieu du <abbr>xiii<sup>e</sup></abbr> au milieu du <abbr>xiv<sup>e</sup></abbr> siècle	1230	1370	1200	1400
bart.xml	200801	2008	bart	Bart Mélanie	Bart	Mélanie	2	Les carnets de voyage de Malesherbes. Étude et édition critique	1751	1792	1700	1800
benrubi.xml	200802	2008	benrubi	Benrubi David-Jonathan	Benrubi	David-Jonathan	1	Représentations de la table et de la commensalité (1150-1350). Dans la moitié septentrionale de la France, l’Angleterre et les Pays-Bas	1150	1350	1100	1400
berliere.xml	200803	2008	berliere	Berlière Justine	Berlière	Justine	2	Les Commissaires du quartier du Louvre (1751-1791). Contribution à une histoire de la praxis policière dans le Paris du second <abbr>xviii<sup>e</sup></abbr> siècle	1751	1791	1700	1800
berne.xml	200804	2008	berne	Berné Damien	Berné	Damien	1	Architecture et liturgie. Étude d’une interaction spatiale et mémorielle à Saint-Denis à l’époque gothique	1100	1499	1100	1500
carpentier.xml	200805	2008	carpentier	Carpentier Valérie	Carpentier	Valérie	2	La vie des monuments de l’État. Histoire administrative et patrimoniale de la Caisse nationale des monuments historiques (1912-1978)	1912	1978	1900	2000
champy.xml	200806	2008	champy	Champy Cécilie	Champy	Cécilie	2	« Curieux idolâtres et acheteurs de statues ». Le marché de la sculpture sous la Révolution et l’Empire à Paris	1789	1815	1700	1900
chancerel.xml	200807	2008	chancerel	Chancerel Pierre	Chancerel	Pierre	1	Les Travaux_publics sous le ministère de Marcel_Sembat (1914-1916)	1914	1916	1900	2000
chenard.xml	200808	2008	chenard	Chenard Gaël	Chenard	Gaël	1	L’administration d’Alphonse_de_Poitiers en Poitou et en Saintonge. (1241-1271)	1241	1271	1200	1300
combes.xml	200809	2008	combes	Combes Laure	Combes	Laure	2	La Notomia_de_Anric_de_Mondavilla, traduction occitane de l’Anatomia d’Henri_de_Mondeville. Édition critique et étude du vocabulaire scientifique	1300	1399	1300	1400
daigne.xml	200810	2008	daigne	Daigne Nathalie	Daigne	Nathalie	2	Le livre de raison d’Honoré_de_Quiqueran_de_Beaujeu. Une famille noble arlésienne aux <abbr>xvi<sup>e</sup></abbr> et <abbr>xvii<sup>e</sup></abbr> siècles	1500	1699	1500	1700
dalsorg.xml	200811	2008	dalsorg	Dalsorg Émeline	Dalsorg	Émeline	2	Rendre la justice au Parlement de Paris sous la ligue (1589-1594). Procédure civile et conciliation	1589	1594	1500	1600
deprouw.xml	200812	2008	deprouw	Deprouw Stéphanie	Deprouw	Stéphanie	2	Un héritage des Bonaparte : Le prix du galvanisme (1802-1815) et le prix Volta (1852-1888). L’État et l’encouragement à la recherche sur l’électricité	1802	1888	1800	1900
derrot.xml	200813	2008	derrot	Derrot Sophie	Derrot	Sophie	2	Michel_Liénard, l’ornement du <abbr>xix<sup>e</sup></abbr> siècle	1800	1899	1800	1900
dufosse.xml	200814	2008	dufosse	Dufossé Colette	Dufossé	Colette	2	La tradition gréco-latine de l’optique médiévale, de Calcidius jusqu’au <abbr>xii<sup>e</sup></abbr> siècle	300	1199	300	1200
dujardin.xml	200815	2008	dujardin	Dujardin Justine	Dujardin	Justine	2	Cartographier la Louisiane française au <abbr>xviii<sup>e</sup></abbr> siècle	1700	1799	1700	1800
feutry.xml	200816	2008	feutry	Feutry David	Feutry	David	1	Guillaume-François_Joly_de_Fleury (1675-1756)	1675	1756	1600	1800
finot.xml	200817	2008	finot	Finot Marie-Aude	Finot	Marie-Aude	2	À la découverte de l’Italie et de l’Égypte, les voyages d’André_Dutertre. Carnets de dessins de l’École nationale supérieure des Beaux-arts	1753	1842	1700	1900
jandeaux.xml	200818	2008	jandeaux	Jandeaux Jeanne-Marie	Jandeaux	Jeanne-Marie	2	Les lettres de cachet pour affaires de famille en Franche-Comté au <abbr>xviii<sup>e</sup></abbr> siècle	1700	1789	1700	1800
jaubertie.xml	200819	2008	jaubertie	Jaubertie Louis	Jaubertie	Louis	1	Négocier avec la Grande-Bretagne, round III. Pompidou, Heath, les administrations nationales et l’entrée de la Grande-Bretagne dans le Marché commun (1969-1972)	1969	1972	1900	2000
kim.xml	200820	2008	kim	Kim Eun-Young	Kim	Eun-Young		Le discours des missionnaires français en Corée (1831-1886). Correspondance et relations	1831	1886	1800	1900
larcher.xml	200821	2008	larcher	Larcher Hélène	Larcher	Hélène	2	« Tam Parisius quam alibi ». Unité et pluralité de la chancellerie royale au temps de Charles_VII (1418-1461)	1418	1461	1400	1500
lefauconnier.xml	200822	2008	lefauconnier	Lefauconnier Camille	Lefauconnier	Camille	2	François_Sublet_de_Noyers (1589-1645). Ad majorem regis et Dei gloriam	1589	1645	1500	1700
malipiero.xml	200823	2008	malipiero	Malipiero Anna	Malipiero	Anna	2	Le livre d’heures en Italie septentrionale. Diffusion d’un instrument dévotionnel de l’Europe_du_Nord	1300	1650	1300	1700
naud.xml	200824	2008	naud	Naud Mariette	Naud	Mariette	2	Imprimer et illustrer le théâtre sous Louis_XIV. Étude sur les frontispices des Éditions de france, des pays-bas et des provinces-unies	1650	1715	1600	1800
roussel.xml	200825	2008	roussel	Roussel Stéphanie	Roussel	Stéphanie	2	« En pur et vray don ». Donateurs et donations pieuses aux Célestins de Paris à la fin du Moyen_Âge	1300	1499	1300	1500
servera.xml	200826	2008	servera	Servera Dorothée	Servera	Dorothée	2	La place du manuscrit Plut. 32 sin. IV de la Biblioteca_Medicea_Laurenziana dans la tradition du <i>De_Sanctis</i> de Jacques_de_Voragine	1200	1299	1200	1300
sonnefraud.xml	200827	2008	sonnefraud	Sonnefraud Claire	Sonnefraud	Claire	2	Inventaires de trésors de l’époque carolingienne en Francie occidentale (VIII<sup>e</sup>-X<sup>e</sup> siècle)	700	999	700	1000
woessner.xml	200828	2008	woessner	Woessner Caroline	Woessner	Caroline	2	Édouard Reuss (1804-1891), Erinnerungen aus meinem Leben. Édition partielle (1846-1872) et commentaire	1846	1872	1800	1900
alonzo.xml	200901	2009	alonzo	Alonzo Anne	Alonzo	Anne	2	Les conséquences économiques et sociales de la Première_guerre_mondiale à Toulouse (1912-1922). 	1912	1922	1900	2000
alquier.xml	200902	2009	alquier	Alquier Éléonore	Alquier	Éléonore	2	La religion du roi. Lieux et expression de la dévotion à la cour de Louis_XIV (1643-1682)	1643	1682	1600	1700
astier.xml	200903	2009	astier	Astier Sophie	Astier	Sophie	2	Un affrontement de papier. La place de l’imprimé dans la guerre entre François_I<sup>er</sup> et Charles_Quint (1542-1544)	1542	1544	1500	1600
auyeung.xml	200904	2009	auyeung	Au Yeung Kwok Leung Luke	Au Yeung	Kwok Leung Luke		L’<i>ecclesia_universa</i> comme sujet de droit. Enquête à travers le <i>Décret</i> de Gratien	1140	1150	1100	1200
bedague.xml	200905	2009	bedague	Bédague Jean-Charles	Bédague	Jean-Charles	1	Naissance et affirmation d’une collégiale. Notre-Dame de Saint-Omer, du début du <abbr>ix<sup>e</sup></abbr> au début du <abbr>xiii<sup>e</sup></abbr> siècle	800	1250	800	1300
blum.xml	200906	2009	blum	Blum Catherine	Blum	Catherine	2	Photographes et photographies de la Libération. Le Service_cinématographique_de_l_armée, du débarquement de Provence à Berchtesgaden (août 1944-mai 1945)	1944	1945	1900	2000
coutant.xml	200907	2009	coutant	Coutant Coraline	Coutant	Coraline	2	Le cartulaire de l’abbaye du Mont-Saint-Michel et ses additions. Étude et édition critique	1190	1210	1100	1300
depeyrot.xml	200908	2009	depeyrot	Depeyrot Bertrand	Depeyrot	Bertrand	1	La musique à la cour du roi de France (1461-1515)	1461	1515	1400	1600
deschanel.xml	200909	2009	deschanel	Deschanel Boris	Deschanel	Boris	1	Les sociétés_Chauvet. Négoce et révolutions entre Marseille et les Antilles (1785-1805)	1785	1805	1700	1900
escher.xml	200910	2009	escher	Escher Noémie	Escher	Noémie	2	Recueil des chartes de l’abbaye Sainte-Geneviève de Paris ([996-1016]-1200)	996	1200	900	1200
falconet.xml	200911	2009	falconet	Falconet François	Falconet	François	1	De l’agent seigneurial au fonctionnaire. Notaires, notariat et société en bas-Dauphiné (1770-1820)	1770	1820	1700	1900
feste.xml	200912	2009	feste	Feste-Guidon Aurélie	Feste-Guidon	Aurélie	2	Lacombe_Lucien de Louis_Malle. Histoire d’une polémique, ou polémique sur l’Histoire ?	1939	1974	1900	2000
fogielman.xml	200913	2009	fogielman	Fogielman-Curley Charles-Antoine	Fogielman-Curley	Charles-Antoine	1	La pratique de l’épigraphie dans l’ordre de Cluny (909-1300)	909	1300	900	1300
galanopoulos.xml	200914	2009	galanopoulos	Galanopoulos Philippe	Galanopoulos	Philippe	1	L’enseignement de l’histoire de la médecine à Paris au <abbr>xix<sup>e</sup></abbr> siècle (1794-1914). La défaite de l’érudition	1794	1914	1700	2000
girold.xml	200915	2009	girold	Girold Élise	Girold	Élise	2	Les parcheminiers de Paris au <abbr>xviii<sup>e</sup></abbr> siècle	1700	1799	1700	1800
guillod.xml	200916	2009	guillod	Guillod Nathalie	Guillod	Nathalie	2	Au service de Henri_II. Jean_Du_Bellay à Rome à travers sa correspondance (1547-1560)	1547	1560	1500	1600
joulie.xml	200917	2009	joulie	Joulie-Champion Anne-Claire	Joulie-Champion	Anne-Claire	2	Au service d’un projet ambitieux. Les comptes de la fabrique de l’abbaye Saint-Oyend-de-Joux à Saint-Claude (1421-1446)	1421	1446	1400	1500
leclercq.xml	200918	2009	leclercq	Leclercq Nathacha	Leclercq	Nathacha	2	Les journaux de la Diète de convocation polonaise de 1764. Mise en ordre et contrôle de la Diète	1764	1764	1700	1800
loyant.xml	200919	2009	loyant	Loyant Xavier	Loyant	Xavier	1	La Société_des_auteurs_de_films (1917-1929)	1917	1929	1900	2000
motte.xml	200920	2009	motte	Motte Alice	Motte	Alice	2	Antoine_Ruzé_d_Effiat (v. 1581-1632), surintendant des finances sous Louis_XIII	1581	1632	1500	1700
ranquet.xml	200921	2009	ranquet	Ranquet Marie	Ranquet	Marie	2	La seigneurie du Mont-Cassin et son peuplement grec du <abbr>xi<sup>e</sup></abbr> au <abbr>xiii<sup>e</sup></abbr> siècle d’après les sources écrites et archéologiques	1000	1299	1000	1300
reecht.xml	200922	2009	reecht	Reecht Stéphane	Reecht	Stéphane	1	Louis_Bonaparte, roi de Hollande dans le système napoléonien (1806-1810)	1806	1810	1800	1900
renoult.xml	200923	2009	renoult	Renoult Anne	Renoult	Anne	2	Indochine SOS. Andrée_Viollis et la question coloniale.	1870	1950	1800	2000
roger.xml	200924	2009	roger	Roger Cécile	Roger	Cécile	2	Guillaume_de_Saint-Lô, un prédicateur à l’œuvre au <abbr>xiv<sup>e</sup></abbr> siècle	1300	1399	1300	1400
stankiewicz.xml	200925	2009	stankiewicz	Stankiewicz Florine	Stankiewicz	Florine	2	Pierre_Gringore (v. 1475-v. 1538), homme de lettres, de théâtre et de cour. Être auteur au <abbr>xvi<sup>e</sup></abbr> siècle	1475	1538	1400	1600
tharaud.xml	200926	2009	tharaud	Tharaud Marie-Amélie	Tharaud	Marie-Amélie	2	L’Art_nouveau à l’Exposition universelle de 1900	1900	1900	1900	1900
loro.xml	200927	2009	loro	Loro, de Daniela Valle	Loro, de	Daniela Valle		Le Grand insulaire et pilotage d’André_Thevet, cosmographe du roi. Édition critique partielle	1516	1590	1500	1600
varlan.xml	200928	2009	varlan	Varlan Olivier	Varlan	Olivier	1	L’ambassade de Caulaincourt à Saint-Pétersbourg (1807-1811). Représentation et négociations politiques durant l’alliance franco-russe	1807	1811	1800	1900
wagner.xml	200929	2009	wagner	Wagner Blandine	Wagner	Blandine	1	Le sceptre contre la crosse. La production favorable à la régale (1673-1682)	1673	1682	1600	1700
artaud.xml	201001	2010	artaud	Artaud Amandine	Artaud	Amandine	2	La noblesse d’Aunis sous Louis_XIV. Des recherches de faux nobles aux conséquences de la Révocation (1661-1715).	1661	1715	1600	1800
bernard-schweitzer.xml	201002	2010	bernard-schweitzer	Bernard-Schweitzer Marion	Bernard-Schweitzer	Marion	2	Le collège de Notre-Dame-de-Bayeux, dit de Maître-Gervais, centre intellectuel et lieu de vie à Paris (XIV<sup>e</sup>-XV<sup>e</sup> siècles)	1300	1499	1300	1500
billard.xml	201003	2010	billard	Billard Alice	Billard	Alice	2	Georges_Lallemant. Étude des sources de la vie d’un peintre.	1575	1636	1500	1700
billoir.xml	201004	2010	billoir	Billoir Thibault	Billoir	Thibault	1	Jeu du roi et jeu de la reine aux <abbr>xvii<sup>e</sup></abbr> et <abbr>xviii<sup>e</sup></abbr> siècles. Du délassement personnel à la cérémonie de cour.	1600	1789	1600	1800
bourlet.xml	201005	2010	bourlet	Bourlet Léonard	Bourlet	Léonard	1	Aménagement, paysage urbain et perception de l’eau. La Deûle à Lille (1858-1921).	1858	1921	1800	2000
caron.xml	201006	2010	caron	Caron Bertrand	Caron	Bertrand	1	Les coutumes du château de Limoges. Élaboration d’un droit urbain en pays de langue d’oc (XIII<sup>e</sup>-XIV<sup>e</sup> siècles)	1200	1399	1200	1400
chougnet.xml	201007	2010	chougnet	Chougnet Pauline	Chougnet	Pauline	2	L’art diplomatique. Les expositions d’art français organisées par la France à l’étranger pendant l’entre-deux-guerres	1918	1939	1900	2000
courbin.xml	201008	2010	courbin	Courbin Elsa	Courbin	Elsa	2	Notoriété locale et service du roi en Bordelais. Marc-Antoine_de_Gourgue, de l’héritage d’Ogier_de_Gourgue à la première présidence du Parlement de Bordeaux.	1600	1650	1600	1700
dayde.xml	201009	2010	dayde	Daydé Cyril	Daydé	Cyril	1	Droit et répression de l’hérésie à Toulouse au <abbr>xvi<sup>e</sup></abbr> siècle. La <i>Repetitio_de_inquisitione_hereticorum</i> de Nicolas_Bertrand (Toulouse, 1512)	1512	1599	1500	1600
dehove.xml	201010	2010	dehove	Dehove Pierre	Dehove	Pierre	1	« Par devant messeigneurs les consaux ». Élites et magistrats tournaisiens à la fin du Moyen_Âge (1423-1521).	1423	1521	1400	1600
derboule.xml	201011	2010	derboule	Derboule Aloïs	Derboule	Aloïs		La France face aux initiatives économiques de la Commission européenne dans le cadre de la politique industrielle commune sous la Présidence de Georges_Pompidou (1969-1974)	1969	1974	1900	2000
domergue.xml	201012	2010	domergue	Domergue Marie-Anne	Domergue	Marie-Anne	2	Le livre de raison (1729-1745) de Jean-Baptiste_de_Grille. Vie quotidienne et portrait intime d’un gentilhomme arlésien dans la première moitié du <abbr>xviii<sup>e</sup></abbr> siècle	1729	1745	1700	1800
galvez.xml	201013	2010	galvez	Galvez Marie	Galvez	Marie	2	La bibliothèque_nationale sous l’administration de Jules-Antoine_Taschereau (1858-1874). Vers une réorganisation profonde et durable de l’établissement	1858	1874	1800	1900
henry.xml	201014	2010	henry	Henry Cyprien	Henry	Cyprien	1	Les actes des évêques bretons (début du <abbr>xi<sup>e</sup></abbr> siècle – milieu du <abbr>xii<sup>e</sup></abbr> siècle). Étude diplomatique et édition critique	1000	1180	1000	1200
lambert.xml	201015	2010	lambert	Lambert Anne	Lambert	Anne	2	La correspondance au fondement des transactions Ruiz-Bonvisi (1580-1590)	1580	1590	1500	1600
laperdrix.xml	201016	2010	laperdrix	Laperdrix Marie	Laperdrix	Marie	2	Asseoir l’autorité monarchique par l’impôt au sortir des guerres_de_Religion. La fiscalité en Normandie (1585-1610)	1585	1610	1500	1700
legendre.xml	201017	2010	legendre	Le Gendre Romain	Le Gendre	Romain	1	De l’or, des hommes et des notaires. Épargne et crédit en Moyen-Poitou au <abbr>xvi<sup>e</sup></abbr> siècle	1500	1599	1500	1600
lutz.xml	201018	2010	lutz	Lutz Marion	Lutz	Marion	2	La Grèce dans l’imaginaire de Gustave_Moreau. Terre des Muses et des poètes	1826	1898	1800	1900
maffre.xml	201019	2010	maffre	Maffre Sabine	Maffre	Sabine	2	L’iconographie de Caïn et Abel en France du <abbr>xi<sup>e</sup></abbr> siècle au début du <abbr>xvi<sup>e</sup></abbr> siècle	1000	1599	1000	1600
postec.xml	201020	2010	postec	Postec Amandine	Postec	Amandine	2	Le genre quodlibétique au <abbr>xiii<sup>e</sup></abbr> siècle, défense et illustration de la pensée d’un maître en théologie Matthieu d’Aquasparta (v. 1240-1302), O.F.M. Édition critique et commentaire des trois premiers Quodlibets	1240	1302	1200	1400
richard.xml	201021	2010	richard	Richard Vivien	Richard	Vivien	1	La chambre_du_roi à Versailles ou l’espace de la majesté Intérieurs, institutions et cérémonial au <abbr>xvii<sup>e</sup></num> siècle.	1623	1715	1600	1800
rigeade.xml	201022	2010	rigeade	Rigeade Marine	Rigeade	Marine	2	« Passé_le_Détroit » le périodique <i>The_Studio</i> et la modernité française (1893-1914).	1893	1914	1800	2000
roger.xml	201023	2010	roger	Roger Cécile	Roger	Cécile	2	Guillaume_de_Saint-Lô un prédicateur à l’œuvre au <abbr>xiv<sup>e</sup></abbr> siècle	1300	1399	1300	1400
schweitzer.xml	201024	2010	schweitzer	Schweitzer Jérôme	Schweitzer	Jérôme	1	Leipzig : mythes, lectures et relectures d’une bataille napoléonienne en France et en Allemagne (1813-1871)	1813	1871	1800	1900
sempere.xml	201025	2010	sempere	Sempéré Julien	Sempéré	Julien	1	Le consulat français de Catalogne (1679-1716). Une institution en construction.	1679	1716	1600	1800
verdo.xml	201026	2010	verdo	Verdo Rémy	Verdo	Rémy	1	La reconfiguration du latin mérovingien sous les Carolingiens. Étude socio-linguistique des diplômes royaux et des réécritures hagiographiques (VII<sup>e</sup>-IX<sup>e</sup> siècle)	750	999	700	1000
vrand.xml	201027	2010	vrand	Vrand Caroline	Vrand	Caroline	2	Les collections d’objets d’art d’Anne_de_Bretagne à travers ses inventaires. Le spectacle et les coulisses.	500	1499	500	1500
wagner.xml	201028	2010	wagner	Wagner Olivier	Wagner	Olivier	1	Le bailliage de Malesherbes pratiques et évolutions d’une justice seigneuriale au <abbr>xvii<sup>e</sup></abbr> siècle (1630-1700).	1630	1699	1600	1700
ancelin.xml	201101	2011	ancelin	Ancelin Justine	Ancelin	Justine	2	Édition critique et étude du <i>Journal de la vie privée de Jean-Dominique Cassini</i> (1710-1712). Science, académisme et sociabilité savante	1710	1712	1700	1800
baudry.xml	201102	2011	baudry	Baudry Julien	Baudry	Julien	1	La carrière du dessinateur Alain Saint-Ogan (1895-1974). De la presse à l’enfance	1895	1974	1800	2000
berthier.xml	201103	2011	berthier	Berthier Sandrine	Berthier	Sandrine	2	Les premières collections publiques d’égyptologie à Paris (1798-1914)	1798	1914	1700	2000
boreau-de-roince.xml	201104	2011	boreau-de-roince	Boreau de Roincé Gabrielle	Boreau de Roincé	Gabrielle	2	Les jardins de Versailles au <abbr>xviii<sup>e</sup></abbr> siècle. Usages et spatialité	1700	1799	1700	1800
caillot.xml	201105	2011	caillot	Caillot Marie	Caillot	Marie	2	La revue <i>Mouseion</i> (1927-1946). Les musées et la coopération culturelle internationale	1927	1946	1900	2000
cartier.xml	201106	2011	cartier	Cartier Aurore	Cartier	Aurore	2	Lafarge. De l’entreprise familiale à la multinationale (1880-1947)	1880	1947	1800	2000
chouleur.xml	201107	2011	chouleur	Chouleur Marie	Chouleur	Marie	2	Guillaume_Millet_de_Jeure, témoin de la vie politique du Grand_Siècle. Édition et étude du manuscrit 502 (153) de la bibliothèque Méjanes d’Aix-en-Provence	1620	1690	1600	1700
codine.xml	201108	2011	codine	Codine-Trécourt Florence	Codine-Trécourt	Florence	2	Les monnaies mérovingiennes modifiées à des fins non monétaires. Usages et perceptions des métaux précieux	450	750	400	800
costa.xml	201109	2011	costa	Costa Andrea	Costa	Andrea	2	G. W. Leibniz, <i>Dynamica de potentia et legibus naturæ corporæ</i>. Matériaux pour une édition critique	1689	1689	1600	1700
crousillac.xml	201110	2011	crousillac	Crousillac Maylis	Crousillac	Maylis	2	Vivre la liturgie dans la cathédrale de Marseille au <abbr>xiv<sup>e</sup></abbr> siècle. Édition et étude de l’ordinaire de la Major	1300	1399	1300	1400
dolveck.xml	201111	2011	dolveck	Dolveck Franz	Dolveck	Franz	1	Poétique de louange et d’éloge à Cluny au <abbr>xii<sup>e</sup></abbr> siècle. Édition critique des œuvres poétiques complètes de Pierre le Vénérable et de Pierre de Poitiers et du <i>Mariale</i> de Bernard de Morlas	1100	1199	1100	1200
ducasse.xml	201112	2011	ducasse	Ducasse Loïc	Ducasse	Loïc	1	Faire profession d’historien au <abbr>xvii<sup>e</sup></abbr> siècle. Étude de la carrière de Pierre Louvet (1617-1684)	1617	1684	1600	1700
gabaude.xml	201113	2011	gabaude	Gabaude Elsa	Gabaude	Elsa	2	Le gouvernement économique de l’Église au temps des papes d’Avignon (milieu du <abbr>xiv<sup>e</sup></abbr> siècle - début du <abbr>xv<sup>e</sup></abbr> siècle). L’usure en procès	1330	1450	1300	1500
gaillard.xml	201114	2011	gaillard	Gaillard Rémi	Gaillard	Rémi	1	« Après qu’il s’est assemblé marchands fripiers, tapissiers, revendeurs et autres citoyens » Étude institutionnelle des ventes révolutionnaires du mobilier royal. Versailles, Marly, Saint-Cloud, Bellevue (1793-1795)	1793	1795	1700	1800
gasnault.xml	201115	2011	gasnault	Gasnault Hélène	Gasnault	Hélène	2	Léonard Thiry (ca. 1500 - ca. 1550) dans l’ombre de Rosso	1495	1555	1400	1600
giry.xml	201116	2011	giry	Giry Emmanuelle	Giry	Emmanuelle	2	Léon Bloy et le Moyen Âge l’imaginaire catholique renouvelé ?	1846	1917	1800	2000
gurrado.xml	201117	2011	gurrado	Gurrado Maria	Gurrado	Maria	2	Les écritures cursives livresques en France (1250-1420). Essai de paléographie quantitative d’après le <i>Catalogue des manuscrits datés</i>.	1250	1420	1200	1500
lecouffe.xml	201118	2011	lecouffe	Lecouffe Marie-Eugénie	Lecouffe	Marie-Eugénie	2	Les <i>Nuits attiques </i>d’Aulu-Gelle au Moyen Âge et à la Renaissance. Histoire de la transmission d’un texte	115	1600	100	1600
marcotte.xml	201119	2011	marcotte	Marcotte Pierre	Marcotte	Pierre	1	Achille Millien (1838-1927). Une entreprise folkloriste en Nivernais	1838	1927	1800	2000
meissonnier.xml	201120	2011	meissonnier	Meissonnier Antoine	Meissonnier	Antoine	1	Le Gévaudan sous l’empire du roi. Le sens politique du procès et du paréage entre l’évêque de Mende et le roi de France (1269-1307)	1269	1307	1200	1400
philippe.xml	201121	2011	philippe	Philippe Julie	Philippe	Julie	2	À la découverte de l’art khmer. Louis Delaporte, fondateur du Musée indochinois et organisateur des missions scientifiques aux ruines khmères (1866-1900)	1866	1900	1800	1900
poiret.xml	201122	2011	poiret	Poiret Camille	Poiret	Camille	2	Le sanctoral de l’ordinaire de Saint-Victor de Paris. Édition critique et commentaire	1108	1148	1100	1200
torrens.xml	201123	2011	torrens	Torrens Antoine	Torrens	Antoine	1	La translittération des écritures orientales au début du <abbr>xvi<sup>e</sup></abbr> siècle. L’alphabet latin et l’hébreu dans les premiers imprimés parisiens	1500	1599	1500	1600
vial.xml	201124	2011	vial	Vial Charles-Éloi	Vial	Charles-Éloi	1	Les chasses impériales de Napoléon I<sup>er</sup>	1799	1815	1700	1900
anciaux.xml	201201	2012	anciaux	Anciaux Camille	Anciaux	Camille	2	Entre diplomatie et administration des pays conquis. Édouard Bignon, du Directoire aux Cent-Jours	1795	1815	1700	1900
anfray.xml	201202	2012	anfray	d’Anfray Benjamin	d’Anfray	Benjamin	1	Henri Delescluze à Belle-Île (1850-1853). Écrits de prison. Édition critique	1850	1853	1800	1900
bernard.xml	201203	2012	bernard	Bernard Marion	Bernard	Marion	2	Les « mestiers touchans habillemens de guerre ». Armuriers et fourbisseurs d’épées parisiens à la fin du Moyen Âge	1200	1499	1200	1500
bloche.xml	201204	2012	bloche	Bloche Michaël	Bloche	Michaël	1	Le chartrier de l’abbaye de la Trinité de Fécamp (928/929-1190). Étude et édition critique	928	1190	900	1200
bouchareb.xml	201205	2012	bouchareb	Bouchareb Hind	Bouchareb	Hind	2	La lecture publique en débat (1918-1945)	1918	1945	1900	2000
brissaud.xml	201206	2012	brissaud	Brissaud Olivia	Brissaud	Olivia	2	Le principe d’inaliénabilité à l’épreuve de la Révolution française. La perception de l’œuvre d’art à travers les sélections patrimoniales : objet de commerce ou <i>res sacra</i> ?	1790	1810	1700	1900
deldicque.xml	201207	2012	deldicque	Deldicque Mathieu	Deldicque	Mathieu	1	Entre Moyen Âge et Renaissance ? La commande artistique de l’amiral Louis Malet de Graville (v. 1440-1516)	1440	1516	1400	1600
diallo.xml	201208	2012	diallo	Diallo Malik	Diallo	Malik	1	Paris capitale de guerre (1792-1794)	1792	1794	1700	1800
dorsy.xml	201209	2012	dorsy	Dorsy Lucie	Dorsy	Lucie	2	« Car la vie menee sans doctrine semble à la mort qu’on paint ou ymagine ». Étude et édition critique de la traduction des <i>Disticha Catonis</i> par Jean Le Fèvre	1300	1400	1300	1400
driant.xml	201210	2012	driant	Driant Pénélope	Driant	Pénélope	2	Maurice Farina, mime, archiviste et collectionneur (1883-1943)	1883	1943	1800	2000
figliuzzi.xml	201211	2012	figliuzzi	Figliuzzi Cécile	Figliuzzi	Cécile	2	Antoine et Henri-Auguste de Loménie, secrétaires d’État de la Maison du roi sous Henri IV et Louis XIII. Carrière politique et ascension sociale	1610	1643	1600	1700
gaumy.xml	201212	2012	gaumy	Gaumy Tiphaine	Gaumy	Tiphaine	2	Chapeaux, chapeliers et autres couvre-chefs à Paris (1550-1660). Aspects économiques, sociaux et symboliques	1550	1660	1500	1700
gendry.xml	201213	2012	gendry	Gendry Pauline	Gendry	Pauline	2	Liturgie et vie monastique  à l’abbaye bénédictine Saint-Martin de Savigny d’après son ordinaire médiéval. Édition critique et commentaire du ms. Archives départementales du Rhône, 1 H 20 (deuxième quart du <abbr>xiii</abbr><sup>e</sup> siècle)	1225	1250	1200	1300
koenig.xml	201214	2012	koenig	Koenig Nelly	Koenig	Nelly	2	L’École des arts décoratifs de Strasbourg de 1919 à 1939. Entre méthodes allemandes et méthodes françaises	1919	1939	1900	2000
landelle.xml	201215	2012	landelle	Landelle Marie	Landelle	Marie	2	« Les plaintes en séparation sont éternelles » La séparation de biens dans la haute société parisienne au milieu du <abbr>xviii</abbr><sup>e</sup> siècle (1730-1761)	1730	1761	1700	1800
le-corfec.xml	201216	2012	le-corfec	Le Corfec Delphine	Le Corfec	Delphine	2	Caxton imprimeur. Le troisième livre du <i>Recueil des histoires de Troyes</i>	1473	1474	1400	1500
leon-y-barella.xml	201217	2012	leon-y-barella	León y Barella Alicia	León y Barella	Alicia	2	Sauver l’écran en danger. Le cinéma américain en France (1926-1936). Domination et résistances	1926	1936	1900	2000
leprevost.xml	201218	2012	leprevost	Leprevost-Grancher Lucie	Leprevost-Grancher	Lucie	2	« Mon très cher père ». Étude et édition critique de la correspondance de Gabriel François de Brueys d’Aigalliers avec son père (1755-1782)	1755	1782	1700	1800
martin.xml	201219	2012	martin	Martin Sophie	Martin	Sophie	2	La <i>Nouvelle Revue française</i>, « entre Ordre et Aventure ». Jean Paulhan et Marcel Arland. Correspondance (1924-1929)	1924	1929	1900	2000
michel.xml	201220	2012	michel	Michel François	Michel	François	1	« Considérant le profond malaise qui règne chez les militants… ». Aspects de la critique et de la parole militante au Parti socialiste SFIO sous la <abbr>iv</abbr><sup>e</sup> République (1944-1958)	1944	1958	1900	2000
milhat.xml	201221	2012	milhat	Milhat Morgane	Milhat	Morgane	2	L’histoire de Troie au <abbr>xv</abbr><sup>e</sup> siècle. Édition critique de la première traduction française de l’<i>Historia destructionis Troiae</i> de Guido delle Colonne	1400	1499	1400	1500
mion-mouton.xml	201222	2012	mion-mouton	Mion Mouton Fanny	Mion Mouton	Fanny	2	Pratiques sociales et charitables en France dans la seconde moitié du <abbr>xviii</abbr><sup>e</sup> siècle. L’exemple de l’hôpital des Incurables de Paris	1700	1799	1700	1800
rohou.xml	201223	2012	rohou	Rohou Julie	Rohou	Julie	2	Entre politique et religion. Les arts à la cour de Charles de Blois et Jeanne de Penthièvre	1300	1399	1300	1400
torcheboeuf.xml	201224	2012	torcheboeuf	Torchebœuf Marie-Alpais	Torchebœuf	Marie-Alpais	2	 Œuvrer à la propagation de la foi en Chine et à Rome. Joachim Enjobert de Martiliat (1706-1755). Illustration d’une vie de missionnaire	1706	1755	1700	1800
vaisman.xml	201225	2012	vaisman	Vaisman Jean-Baptiste	Vaisman	Jean-Baptiste	1	La correspondance de Thomas Perrenot de Chantonnay, ambassadeur espagnol à la cour de France (1559–1564). L’acculturation politique d’un diplomate franc-comtois	1559	1564	1500	1600
zanon.xml	201226	2012	zanon	Zanon Johanna	Zanon	Johanna	2	Quand la couture célèbre le corps féminin. Jean Patou (1919-1929)	1919	1929	1900	2000
antonini.xml	201301	2013	antonini	Antonini Pauline	Antonini	Pauline	2	Le costume à la cour de François I<sup>er</sup> : luxe et apparat à la Renaissance	1515	1547	1500	1600
arioli.xml	201302	2013	arioli	Arioli Emanuele	Arioli	Emanuele	1	Ségurant ou le Chevalier au Dragon : roman arthurien inédit (<abbr>xiii</abbr><sup>e</sup>-<abbr>xv</abbr><sup>e</sup> siècle)	1200	1499	1200	1500
bernard.xml	201303	2013	bernard	Bernard Thomas	Bernard	Thomas	1	Un administrateur éclairé au « caractère original » : le général Fornier d'Albe (1769-1814)	1769	1814	1700	1900
boissiere.xml	201304	2013	boissiere	Boissière Marie	Boissière	Marie	2	La correspondance du docteur Pierre-Fidèle Bretonneau (1778-1862). Édition critique et commentaire 	1778	1862	1700	1900
boully.xml	201305	2013	boully	Boully Vincent	Boully	Vincent	1	Entre liberté d’entreprendre et surveillance par l’État : les salines de Franche-Comté dans la seconde moitié du <abbr>xix</abbr><sup>e</sup> siècle (1840-1907)	1840	1907	1800	2000
cherbuy.xml	201306	2013	cherbuy	Cherbuy Elsa	Cherbuy	Elsa	2	L'Opéra de la rue Le Peletier (1821-1873) : architecte, genèse, programme	1821	1873	1800	1900
degoy.xml	201307	2013	degoy	Degoy Axel	Degoy	Axel	1	Représentation du roi et pouvoir de « faire loy » : enquête sur l’activité « réglementaire » du parlement de Paris sous Charles VI et Henri VI de Lancastre (1380-1436)	1380	1436	1300	1500
delpu.xml	201308	2013	delpu	Delpu Fabien	Delpu	Fabien	1	Aux sources d'une armée permanente : édition critique et commentaire des ordonnances militaires de Charles le Téméraire (1471-1476)	1471	1476	1400	1500
ducom.xml	201309	2013	ducom	Ducom Pauline	Ducom	Pauline	2	Clive Bell et la France « Art, love and thought » (1904-1939)	1904	1939	1900	2000
dupuis.xml	201310	2013	dupuis	Dupuis Aurélien	Dupuis	Aurélien	1	Dans l’ombre de Napoléon : le général Bertrand après la chute de l'Empire (1815-1844)	1815	1844	1800	1900
lacam.xml	201311	2013	lacam	Lacam Emmanuel	Lacam	Emmanuel	1	Entre Rome et Madrid, un réformateur janséniste dans l’Europe méditerranéenne : correspondances et voyages d'un intermédiaire culturel, l'abbé Jean-Charles Augustin Clément (1754-1771)	1754	1771	1700	1800
lapotre.xml	201312	2013	lapotre	Lapôtre Raphaëlle	Lapôtre	Raphaëlle	2	Le mariage devant le juge : droit matrimonial et pratique dans le Beauvaisis (<abbr>xvii</abbr><sup>e</sup>-<abbr>xviii</abbr><sup>e</sup> siècles)	1600	1799	1600	1800
le-roch-morgere.xml	201313	2013	le-roch-morgere	Le Roc'h-Morgère Mathilde	Le Roc'h-Morgère	Mathilde	2	Devenir imprimeur-libraire en Basse-Normandie au <abbr>xviii</abbr><sup>e</sup> siècle : les stratégies de la maison Chalopin	1700	1799	1700	1800
lefort.xml	201314	2013	lefort	Lefort Guillemette	Lefort	Guillemette	2	Négocier avec la Suède : les enjeux d'une alliance lors de la guerre de Trente ans. Étude et édition critique des instructions aux ambassadeurs et envoyés français (1630-1636)	1630	1636	1600	1700
longequeue.xml	201315	2013	longequeue	Longequeue Hortense	Longequeue	Hortense	2	L’éloquence du pinceau : écritures peintes et livres d’artiste dans l’œuvre de Jean Cortot	1925		1900	0
mayaud.xml	201316	2013	mayaud	Mayaud Guy	Mayaud	Guy	1	L’érudition héraldique au <abbr>xvii</abbr><sup>e</sup> siècle : la question des origines des armoiries	1600	1699	1600	1700
mestre.xml	201317	2013	mestre	Mestre Armelle	Mestre	Armelle	2	Suicide et société rurale : la mort volontaire au <abbr>xviii</abbr><sup>e</sup> siècle en Eure et en Eure-et-Loir	1700	1799	1700	1800
queffelec.xml	201318	2013	queffelec	Queffélec Cécile	Queffélec	Cécile	2	Des « messes théâtrales » au Concert spirituel : chanteuses laïques et musique religieuse à Paris au <abbr>xviii</abbr><sup>e</sup> siècle	1700	1799	1700	1800
rebours.xml	201319	2013	rebours	Rebours Camille	Rebours	Camille	2	« Lorsque le mot Fin apparaissait dans la marguerite, la lumière se rallumait. Alors tous les yeux de l’état-major se tournaient vers Léon Gaumont » : Léon Gaumont, un pionnier méconnu du cinéma (1864-1929)	1864	1929	1800	2000
saffre.xml	201320	2013	saffre	Saffré Romain	Saffré	Romain	1	La banque della Casa et le Languedoc (1439-1452) : commerce et fiscalité pontificale	1439	1452	1400	1500
spinec.xml	201321	2013	spinec	Spinec Morgane	Spinec	Morgane	2	« Dans l’arrière scène des seuls comédiens du roy » : pour une édition des feuillets d’assemblée (1682-1706)	1682	1706	1600	1800
susini.xml	201322	2013	susini	Susini Baptiste	Susini	Baptiste	1	Le scotisme de Himbert de Garda O.F.M. (<abbr>xiv</abbr><sup>e</sup> siècle) : édition commentée de son premier livre du Commentaire du Livre des Sentences	1300	1399	1300	1400
tisseau-des-escotais.xml	201323	2013	tisseau-des-escotais	Tisseau des Escotais Aleth	Tisseau des Escotais	Aleth	2	Le Garde-Meuble sous la Révolution et l’Empire (1792-1815) : une institution royale en contexte républicain puis impérial	1792	1815	1700	1900
tisserant.xml	201324	2013	tisserant	Tisserant Clément	Tisserant	Clément	1	L’œuvre juridique du doctor tholosanus Pierre Hélie (milieu du <abbr>xiv</abbr><sup>e</sup> siècle) : édition critique et commentaire du traité sur l’emphytéose	1300	1399	1300	1400
zelverte.xml	201325	2013	zelverte	Zelverte Marine	Zelverte	Marine	2	La « Réformation des Halles » : un lotissement royal à Paris (1543-1572)	1543	1572	1500	1600
besombes.xml	201401	2014	besombes	Besombes Chloé	Besombes	Chloé	2	« Et dixit quod sic ». Communautés et pouvoir royal dans le Lauragais de la fin du <abbr>xiii</abbr><sup>e</sup> siècle. Proposition d'étude de l'affaire Breuilly-Latilly	1285	1314	1200	1400
bouchard.xml	201402	2014	bouchard	Bouchard Ariane	Bouchard	Ariane	2	 La mémoire du prince : la Chronique anonyme d'Alençon. Édition et commentaire	1300	1520	1300	1600
caille.xml	201403	2014	caille	Caillé Alice	Caillé	Alice	2	Au seuil du livre : les reliures de Rose Adler (1922-1959)	1922	1959	1900	2000
coulaud.xml	201404	2014	coulaud	Coulaud Hélène	Coulaud	Hélène	2	De la matérialité à la sacralité : le trésor de la cathédrale de Narbonne sous l'Ancien Régime	1500	1793	1500	1800
degoutte.xml	201405	2014	degoutte	Degoutte Margot	Degoutte	Margot	2	La France à Venise : entre modernités et traditions, participation et représentation françaises à la Biennale de Venise (1895-1940)	1895	1940	1800	2000
foulet.xml	201406	2014	foulet	Foulet Amélie	Foulet	Amélie	2	La France et la fortune de la mer du Sud : contacts, flux et échanges commerciaux dans le Pacifique espagnol (1695-1725)	1695	1725	1600	1800
fritz.xml	201407	2014	fritz	Fritz Viviane	Fritz	Viviane	2	Michel Villedo et Cie : entreprise et expertise à Paris au <abbr>xvii</abbr><sup>e</sup> siècle	1621	1667	1600	1700
gaudron.xml	201408	2014	gaudron	Gaudron Amandine	Gaudron	Amandine	2	Le singe médiéval, histoire d'un animal ambigu : savoirs, symboles et représentations	400	1500	400	1500
girard.xml	201409	2014	girard	Girard Maximilien	Girard	Maximilien	1	Marguerite de Hongrie : une princesse de son temps, entre Orient et Occident (v. 1176-ap. 1229)	1176	1229	1100	1300
gdelinares.xml	201410	2014	gdelinares	Gonzalez de Linares-Cêtre Léonore	Gonzalez de Linares-Cêtre	Léonore	2	Les relations diplomatiques entre la France et la Savoie (1559-1580)	1559	1580	1500	1600
haraux.xml	201411	2014	haraux	Haraux Geoffrey	Haraux	Geoffrey	1	Communauté et identité individuelle dans la France préindustrielle :Villedieu-les-Poêles, bourg industriel normand (1680-1740)	1680	1740	1600	1800
lecoz.xml	201412	2014	lecoz	Le Coz Laura	Le Coz	Laura	2	L'Institut de psychologie de l'université de Paris (1920-1970)	1920	1970	1900	2000
lhuillier.xml	201413	2014	lhuillier	L'Huillier Iseut	L'Huillier	Iseut	2	La Nativité de saint Jean Baptiste : culte et iconographie en France (<abbr>xiii</abbr><sup>e</sup>-<abbr>xv</abbr><sup>e</sup> siècle)	1200	1500	1200	1500
mallet.xml	201414	2014	mallet	Mallet Jeanne	Mallet	Jeanne	2	Rapporter, discuter, diffuser : information et opinion à Saint-Affrique en Rouergue à la fin du Moyen Âge (c. 1380-c. 1480)	1380	1480	1300	1500
peresan.xml	201415	2014	peresan	Pérésan-Roudil Alice	Pérésan-Roudil	Alice	2	Eustache-Antoine Hua (1759-1836) : mémoires et papiers privés d'un magistrat et député	1759	1836	1700	1900
persi.xml	201416	2014	persi	Persi-Pivetti Viviana	Persi-Pivetti	Viviana	2	La réglementation du marché et le contrôle du commerce à Paris et à Rome, fin <abbr>xvii</abbr><sup>e</sup>-début <abbr>xviii</abbr><sup>e</sup> siècle	1661	1750	1600	1800
ramondenc.xml	201417	2014	ramondenc	Ramondenc Erwann	Ramondenc	Erwann	1	Dynamiques agraires et peuplement : modélisation et étude des graphes des registres fiscaux de Saint-Félix-de-Sorgues (Aveyron) dans la première moitié du <abbr>xv</abbr><sup>e</sup> siècle	1400	1450	1400	1500
rodriguez.xml	201418	2014	rodriguez	Rodriguez Lucile	Rodriguez	Lucile	2	La correspondance entre Ismaÿl Urbain et Frédéric Lacroix (janvier 1861-10 octobre 1863). Analyse et édition critique	1861	1863	1800	1900
royal.xml	201419	2014	royal	Royal François	Royal	François	1	La guerre des glaces : étude des quartiers d’hiver de l’armée de Flandre (octobre 1711-avril 1712)	1711	1711	1700	1800
schneider.xml	201420	2014	schneider	Schneider Philippe	Schneider	Philippe	1	La popularité de Lafayette aux États-Unis et en France de 1824 à 1834	1824	1834	1800	1900
seillan.xml	201421	2014	seillan	Seillan Aude	Seillan	Aude	2	David II Gradis (1742-1811) et son entourage : écritures. Édition critique et commentaire	1742	1811	1700	1900
sidre.xml	201422	2014	sidre	Sidre Colin	Sidre	Colin	1	Une histoire du jeu vidéo en France : l'objet vidéoludique et ses réseaux de distribution (1974-1988)	1974	1988	1900	2000
souvre.xml	201423	2014	souvre	Souvré Amandine	Souvré	Amandine	2	L'œuvre des haras, entre amélioration animale et création architecturale : l'implantation du dépôt d'étalons de Cluny (premier quart du <abbr>xix</abbr><sup>e</sup> siècle)	1800	1825	1800	1900
torres.xml	201424	2014	torres	Torres Louisa	Torres	Louisa	2	« Arripui calamum… » : les épîtres métriques latines de Giovanni Moccia. Édition et traduction	1375	1400	1300	1400
tur.xml	201425	2014	tur	Tur Alexandre	Tur	Alexandre	1	À l'entrée du Soleil en Bélier : les prédictions astrologiques annuelles latines dans l'Europe du <abbr>xv</abbr><sup>e</sup> siècle (1405-1484)	1405	1484	1400	1500
vermander.xml	201426	2014	vermander	Vermander Pierre	Vermander	Pierre	1	Le texte et la voix : l’interjection dans l’ancienne farce française	1200	1500	1200	1500
vidal.xml	201427	2014	vidal	Vidal Manon	Vidal	Manon	2	Jacques-Guillaume Legrand (1753-1807) : pratique, théorie et histoire de l'architecture à la fin du <abbr>xviii</abbr><sup>e</sup> siècle	1753	1807	1700	1900
zettel.xml	201428	2014	zettel	Zettel Hélène	Zettel	Hélène	2	De Rome à la Réforme : le chapitre Saint-Thomas de Strasbourg (1523-1549)	1523	1549	1500	1600
arnould.xml	201501	2015	arnould	Arnould Laurine	Arnould	Laurine	2	« Je rêve à toi presque chaque nuit et je ne suis jamais en prison ». Lettres clandestines de prison de Paul Nothomb à sa femme (1945-1947)	1945	1947	1900	2000
buffenoir.xml	201502	2015	buffenoir	Buffenoir Aude	Buffenoir	Aude	2	Une science naturelle de Dieu ? Édition de la Theologia naturalis de Nicolas Bonet († 1343). Histoire et enjeux de la théologie naturelle en sa première figure	1300	1343	1300	1400
bur.xml	201503	2015	bur	Bur Gabriel	Bur	Gabriel	1	Dieu, le roi et la France. Prier pour le roi sous Philippe le Bel (1285-1314)	1285	1314	1200	1400
chevauche.xml	201504	2015	chevauche	Chevauché Sylvain	Chevauché	Sylvain	1	Confiscations en Catalogne française (1642-1652). La faveur royale loin du roi	1642	1652	1600	1700
dandine.xml	201505	2015	dandine	Dandine Charles	Dandine	Charles	1	Un recueil d'exempla franciscain méridional du <abbr>xiii</abbr><sup>e</sup> siècle. Édition critique du manuscrit BNF, lat. 3555	1200	1299	1200	1300
delalande.xml	201506	2015	delalande	Delalande Flora	Delalande	Flora	2	Les activités à caractère culturel dans les établissements pénitentiaires français (de la Libération aux années 1980)	1945	1980	1900	2000
faltot.xml	201507	2015	faltot	Faltot Fanny	Faltot	Fanny	2	Les Mémoires de Philippe de Vigneulles (1471-1522). Édition critique du manuscrit BNF, nouv. acq. fr. 6720	1471	1522	1400	1600
feeser.xml	201508	2015	feeser	Feeser Romain	Feeser	Romain	1	Thomas d’Aquin contre Grégoire Palamas. La Réfutation de la profession de foi des Athonites de Prochoros Kydonès. Édition, traduction et commentaire	1367	1368	1300	1400
fissier.xml	201509	2015	fissier	Fissier Émilie	Fissier	Émilie	2	Le ballet de l’Opéra de Paris sous le Second Empire	1852	1870	1800	1900
frantzwa.xml	201510	2015	frantzwa	Frantzwa Guillaume	Frantzwa	Guillaume	1	Vivre hors du cloître. L'habitat canonial à Metz au Bas Moyen Âge (1200-1530)	1200	1530	1200	1600
horrein.xml	201511	2015	horrein	Horrein Florian	Horrein	Florian	1	L’hydraulique à Paris à l’époque moderne. Adductions et distribution d’eau dans la ville (v. 1612 – v. 1733)	1612	1733	1600	1800
jacquemard.xml	201512	2015	jacquemard	Jacquemard Hélène	Jacquemard	Hélène	2	L’abbaye cistercienne de Vauclair et sa bibliothèque. Lire et écrire dans une abbaye cistercienne du Moyen Âge au <abbr>xviii</abbr><sup>e</sup> siècle	1134	1799	1100	1800
jolly.xml	201513	2015	jolly	Jolly Anne	Jolly	Anne	2	Financer le service des Ponts-et-Chaussées. La gestion du trésorier général Gabriel Prévost (1748-1778)	1748	1778	1700	1800
landais.xml	201514	2015	landais	Landais Anne	Landais	Anne	2	Édition critique du Trialogue Quiéret (1461)	1461	1461	1400	1500
leberre.xml	201515	2015	leberre	leberre Gilles	leberre	Gilles	1	Das ist der stat Strassburg ordenunge irs fussvolckes. L’organisation d’une armée communale au <abbr>xv</abbr><sup>e</sup> siècle : l’exemple de Strasbourg	1400	1499	1400	1500
lemoullecrieu.xml	201516	2015	lemoullecrieu	Le Moullec-Rieu Aude	Le Moullec-Rieu	Aude	2	Maximilien Rubel, éditeur de Marx dans la Bibliothèque de la Pléiade (1955-1968)	1955	1968	1900	2000
morel.xml	201517	2015	morel	Morel Thomas	Morel	Thomas	1	Quand un prélat monte à la capitale. Tristan de Salazar et l’hôtel parisien des archevêques de Sens	1483	1519	1400	1600
naddeo.xml	201518	2015	naddeo	Naddeo Étienne	Naddeo	Étienne	1	Les bibliothèques populaires du département de la Seine (1861-1945)	1861	1945	1800	2000
noual.xml	201519	2015	noual	Noual Clément	Noual	Clément	1	À l’enseigne de La Cloche d’or. Les Le Guay, une dynastie de fondeurs de cloches à Paris sous l’Ancien Régime	1650	1741	1600	1800
paris.xml	201520	2015	paris	Paris Louis	Paris	Louis	1	Souvenirs et impressions du siège de Paris. Édition critique et commentaire	1870	1871	1800	1900
pauplin.xml	201521	2015	pauplin	Pauplin Pascale	Pauplin	Pascale	2	Éclat des églises de Beauvais à la Renaissance. Décor et mobilier (1515-1574)	1515	1574	1500	1600
pinoteau.xml	201522	2015	pinoteau	Pinoteau Henri	Pinoteau	Henri	1	Les chasses royales sous Louis XVI et leur sort durant la Révolution : splendeur et ruine du monde des plaisirs de Sa Majesté (1774-1799)	1774	1799	1700	1800
prevost.xml	201523	2015	prevost	Prévost Xavier	Prévost	Xavier	1	Les premières lois imprimées. Étude des actes royaux imprimés de Charles VIII à Henri II (1483-1559)	1483	1559	1400	1600
talarmin.xml	201524	2015	talarmin	Talarmin Marguerite	Talarmin	Marguerite	2	Partition pour flûtes sur fond de mer. L'intégration des flûtes hollandaises dans la marine française, 1595-1815	1595	1815	1500	1900
tarfaoui.xml	201525	2015	tarfaoui	Tarfaoui Nadia	Tarfaoui	Nadia	2	Le Libellus de notitia orbis de Jean, Archevêque de Sultanieh	1404	1404	1400	1500
vanriest.xml	201526	2015	vanriest	Vanriest Élise	Vanriest	Élise	2	Verre et verriers à Paris dans la seconde moitié du <abbr>xvi</abbr><sup>e</sup> siècle (1547-1610)	1547	1610	1500	1700
vaysse.xml	201527	2015	vaysse	Vaysse Élodie	Vaysse	Élodie	2	Les Elle « Ferdinand », la peinture en héritage. Un atelier parisien au Grand Siècle (1601-1717)	1601	1717	1600	1800
